Age,Gender,Weight (kg),Height (m),Max_BPM,Avg_BPM,Resting_BPM,Session_Duration (hours),Calories_Burned,Workout_Type,Fat_Percentage,Water_Intake (liters),Workout_Frequency (days/week),Experience_Level,BMI
34,Female,86.7,1.86,174,152,74,1.12,712,Strength,12.8,2.4,5,2,14.31
26,Female,84.7,1.83,166,156,73,1,833,Strength,27.9,2.8,5,2,33.49
22,Male,64.8,1.85,187,166,64,1.24,1678,Cardio,28.7,1.9,3,2,12.73
54,Female,75.3,1.82,187,169,58,1.45,628,Cardio,31.8,2.4,4,1,20.37
34,Female,52.8,1.74,177,169,66,1.6,1286,Strength,26.4,3.2,4,2,20.83
38,Female,53,1.58,161,128,74,1.62,953,HIIT,23.4,2.5,2,2,13.02
44,Female,46.5,1.81,191,142,74,1.46,1238,Cardio,11.9,3.7,2,2,18.12
50,Female,88.5,1.63,181,136,63,1.63,829,Strength,11.6,1.8,4,2,19.16
18,Female,82.9,1.54,174,169,64,0.77,802,HIIT,27.8,2.2,3,1,49.84
34,Female,65.9,1.74,195,169,73,2,1231,Yoga,30.5,3.2,5,2,12.32
39,Female,47,1.78,181,155,55,1.89,747,Yoga,31.7,2.3,3,3,28.39
46,Male,40,1.88,168,131,69,2,672,,25.4,2.4,2,2,12.32
19,Male,87.7,1.98,186,145,50,1.61,1705,Strength,14.1,2.3,3,2,15.99
56,Female,107.4,1.73,176,141,71,0.65,1564,HIIT,26,3,2,3,14.48
19,Female,71.7,1.91,197,148,74,1.15,464,Cardio,32.5,2.7,4,2,19.09
30,Female,90.6,1.6,161,125,52,1.03,1410,Yoga,16,3.5,4,2,13.91
23,Male,56.2,1.76,195,141,55,1.45,1195,HIIT,23.9,3.2,4,1,22.61
39,Female,71.3,1.77,171,124,74,0.69,871,Cardio,21.9,2.1,5,1,14.31
54,Female,47.7,1.56,181,128,74,1.5,853,Yoga,26.5,1.5,3,1,23.64
,Male,63,1.51,184,169,71,1.3,1136,Cardio,23.8,2.3,3,2,22.69
26,Male,129.9,1.71,196,136,74,1.27,931,Yoga,26.6,1.8,5,1,21.04
22,Female,102.4,1.5,173,156,55,1.44,453,HIIT,17.5,1.6,4,3,18.23
36,Female,64.2,1.78,192,130,74,1.38,1708,Yoga,31.9,2.1,,1,25.59
18,Male,129.4,1.5,177,145,71,,772,Strength,22,1.7,5,1,18.07
25,Male,57.2,1.82,184,140,74,1.15,888,Strength,26.9,2.6,4,2,15.23
59,Male,71.8,1.5,165,152,74,1.94,758,Yoga,28.9,3.3,3,1,16.87
18,Male,112.4,1.71,177,165,55,1.56,1044,HIIT,33.5,1.7,2,2,24.43
18,Male,40,1.72,188,155,74,1.51,1266,Cardio,26.4,2.5,2,,17.79
25,Female,64.3,1.65,183,169,67,1.28,1783,Cardio,20,3.2,2,3,20.59
32,Male,72.4,1.74,189,127,60,1.4,1090,Yoga,16.9,1.6,2,1,17.68
28,Male,62.4,1.56,193,141,55,2,861,Cardio,32.2,3.6,3,1,18.61
27,Female,78.6,1.65,198,127,66,1.61,938,Yoga,26.8,3.1,3,1,17.92
44,Female,45,1.53,199,158,50,0.7,930,Strength,21.9,3.6,4,1,27.74
20,Female,103.4,1.53,180,166,56,1.28,631,HIIT,23,3,4,1,19.18
51,Male,79.2,1.85,178,147,51,1.52,1355,Strength,23.2,2,4,1,18.95
52,Female,40,1.84,\t182,156,56,1.2,1258,Cardio,25,2,4,2,12.32
35,Male,75.7,1.61,192,147,52,0.92,1211,Strength,21.2,2.4,3,2,23.19
21,Male,76.8,1.75,166,125,74,1.56,1152,Strength,25.1,2.7,3,1,16.66
48,Female,112.6,1.69,160,162,63,0.89,1482,Cardio,22.6,2.5,4,2,12.32
18,Male,73.7,1.78,192,154,73,1.18,851,Strength,27.4,2.6,2,2,21.08
18,Female,84,1.71,194,148,52,0.92,621,Strength,28.3,3.4,3,3,17.99
28,Male,68,1.7,174,155,68,0.74,1464,Yoga,17,2.3,3,2,21.67
23,Male,107.6,1.5,,136,71,1.53,1062,Cardio,10,2.3,5,3,23.77
30,Female,54.3,1.82,185,168,66,1.4,1415,,25.4,3.6,3,1,26.4
18,Female,42.8,1.89,194,162,73,2,736,,22.5,1.5,3,2,18.54
37,,55.4,1.68,197,,52,1.04,338,Cardio,27.4,3.2,,3,17.71
49,Female,102.4,1.65,185,148,68,1.27,980,Cardio,34.8,2,5,,15.52
42,Female,95.5,1.95,168,125,72,1.91,632,HIIT,26.1,2,4,1,12.32
27,Female,58.7,1.98,199,145,52,2,1119,Cardio,23,2.7,2,3,18.99
35,Female,49.7,1.86,161,,62,1.12,867,Strength,15.2,1.8,4,3,12.32
24,Female,86.5,1.65,196,169,59,1.08,771,Cardio,27.3,2.1,3,1,12.9
44,Female,63.6,1.78,167,129,74,1.34,1165,Yoga,10.7,3.4,4,1,15.73
52,Male,58.7,1.58,169,131,53,1.14,900,HIIT,28.5,3.3,3,,19.62
49,Female,56.6,1.75,198,120,72,1.12,1767,Yoga,23.6,2.6,2,2,34.37
36,Female,40,1.71,178,169,69,1.3,1519,HIIT,27.5,2.7,4,1,39.74
23,Female,67.7,1.73,188,162,54,1.76,954,Yoga,18,3.2,3,1,16.07
56,Female,40,1.74,172,146,74,1.43,876,Yoga,26,3.4,2,1,19.63
48,,68,1.69,185,144,68,1.23,695,Yoga,14.2,2.6,2,1,28.93
24,Male,68.3,1.74,184,161,51,1.9,566,Cardio,27.5,3.5,4,,16.26
22,Female,99.1,1.72,182,169,62,1.14,1105,Yoga,31.4,3.6,4,1,16.91
20,Female,72.9,1.63,164,156,51,1.11,582,Strength,27.1,3.2,3,2,19.83
44,Female,40,1.68,175,156,74,1.04,1010,Cardio,28.1,1.8,3,3,12.32
33,Female,58.3,1.77,167,153,74,1.41,969,Strength,29.5,2.6,2,1,20.47
18,Male,40,1.64,177,134,53,0.98,468,\nStrength,25.6,2.1,3,3,18.78
59,Male,45.8,1.5,163,137,55,1.98,1306,\tCardio,24,2.9,4,2,26.25
27,Male,52.3,1.75,180,128,61,1.92,931,Strength,15,2.5,4,2,23.23
33,Female,76.3,1.95,188,125,72,0.95,899,Strength,21.7,2.3,5,1,26.08
47,Male,77.5,1.72,176,151,56,1.39,679,Cardio,13.3,3.5,2,3,24.32
18,Male,,1.8,197,165,56,0.74,1208,HIIT,26.1,3.3,3,3,12.32
46,Female,40,1.58,177,132,58,1.29,1189,Strength,31.1,2.5,,2,12.73
27,Male,96.3,1.61,198,159,70,1.16,1203,Cardio,32.1,3.1,3,1,12.32
34,Female,49.6,1.52,191,,59,1.59,744,HIIT,22.2,1.6,3,1,20.97
45,Male,86.4,1.51,,159,69,1.23,1313,\tCardio,35,3.3,3,3,16.06
55,Female,68.4,1.85,175,150,58,1.16,1020,Cardio,29.2,2.5,4,2,22.87
18,Female,56.9,1.77,183,131,57,1.28,1052,Cardio,20.7,3.5,4,2,18.57
41,Female,51.1,1.94,,137,72,1.23,1084,,16.4,2.3,3,2,16.41
24,Male,47.6,1.51,175,120,70,0.78,583,Strength,22.6,1.7,5,1,13.71
26,Female,88.8,1.7,193,169,68,1.91,1145,Strength,18.1,3.7,2,2,30.34
18,,67.5,1.69,177,169,72,1.07,975,,26.2,1.6,4,3,14.08
29,Male,96.7,1.7,175,141,54,2,880,Yoga,32.9,2.3,2,3,13.16
26,,55.7,1.99,172,142,68,2,1583,Strength,18.9,3.2,4,1,12.32
43,Male,112,1.71,166,146,58,1.62,815,HIIT,31.2,2.6,3,1,21.1
48,Male,75.2,1.72,193,169,59,1.54,1726,Cardio,30.9,1.9,2,,18.64
29,Female,72,1.66,167,144,68,0.87,1248,HIIT,10,3.6,4,3,17.55
57,Female,63.6,1.87,170,158,,1.56,840,Strength,23.7,3.6,4,1,12.32
22,Female,75.7,1.56,194,142,61,1.23,643,Strength,28.8,2.3,3,3,13.93
20,Male,59.1,1.62,191,127,54,1.02,995,,26.2,3.4,3,,12.46
39,Female,41.3,1.76,175,136,69,1.42,1096,Yoga,24.3,3.2,3,2,15.36
41,Male,40,1.77,176,148,65,1.03,1238,Yoga,11.6,1.9,5,1,22.98
41,Female,63.7,1.93,195,155,61,1.18,1064,HIIT,21.2,3.4,4,1,15.76
31,Female,100,1.75,190,169,67,1.46,1573,HIIT,20.8,3.4,4,2,
20,Male,45,1.68,171,154,74,1.5,1692,Yoga,10,2.4,4,1,12.32
26,Male,47.1,1.61,189,138,52,1.26,1095,Yoga,19.3,3.6,3,3,29.91
37,Female,72.1,1.83,164,152,58,1.58,1091,Cardio,34.4,3.3,4,2,16.92
59,Male,57.5,1.81,175,169,58,1.47,1349,Cardio,24.7,2.5,5,2,12.32
22,Male,54.3,1.85,165,144,53,2,1740,\tCardio,26.6,3.7,4,2,20.04
25,Male,63.9,1.67,178,144,61,1.56,868,Strength,24.8,2.4,3,2,24.51
32,Male,56.6,2,190,123,65,1.25,1309,HIIT,14.7,3.5,4,3,17.83
37,Female,68.9,1.65,171,132,50,1.19,767,Strength,23,,3,3,20.71
29,Female,95.3,1.72,190,169,74,1.49,733,HIIT,29.2,3.7,5,3,20.06
30,Female,96.3,2,173,136,74,2,1095,HIIT,20.4,1.5,5,2,25.83
28,Male,84.4,1.74,\t182,142,52,1.45,1392,Strength,22,2.6,2,1,34.01
33,Male,60.5,1.54,195,126,56,1.27,1237,Cardio,29.1,3.7,4,2,21.23
48,Female,49.8,1.69,184,143,56,1.37,,Strength,17.7,2.7,3,3,25.57
32,Male,47.2,1.81,187,129,,1.19,919,HIIT,30.5,1.9,4,2,31.5
54,,56.3,1.59,172,169,68,1.47,936,Cardio,19.6,3.1,4,2,18.7
49,Male,45,1.84,190,159,53,1.3,864,HIIT,26.5,1.5,4,2,17.11
53,Male,87.7,1.84,164,152,53,1.37,1066,Cardio,24.7,2.6,5,2,25.16
54,Female,46.1,1.85,187,162,63,1.35,772,Strength,25.7,3.6,4,1,20.62
18,Female,69.8,1.82,178,168,58,1.9,963,HIIT,31.4,3.7,5,2,34.21
18,Male,79.2,1.77,198,137,66,1.2,1429,Yoga,12.9,3.7,3,2,19.07
29,Male,60.6,1.76,188,148,50,1.38,676,Strength,30.2,2.5,3,,23.73
22,Female,53.3,1.73,172,144,71,1.1,1235,Strength,22.8,2.6,3,1,13.13
20,Male,95.7,1.85,196,136,58,1.44,987,HIIT,23.8,1.5,3,2,15.47
29,Female,57.4,1.74,198,165,67,1.58,880,Strength,20.9,3.3,4,1,
47,Male,87.3,1.9,194,164,74,1.87,1073,HIIT,23.7,3.5,5,2,20.1
20,Female,,1.75,193,136,51,0.58,1218,Yoga,28.4,3,4,1,19.66
18,Male,79.2,1.66,176,154,72,1.58,1493,Strength,18.1,2.3,3,1,14.27
18,Male,73.8,1.75,187,149,74,1.64,1065,HIIT,17.7,2.4,3,1,17.79
33,Female,66.3,1.76,164,120,74,1.44,419,,25.4,2.6,3,3,20.67
27,Male,72.8,1.82,162,136,57,1.23,780,HIIT,11.4,3.5,4,3,22.59
38,Male,50,1.75,186,135,59,2,695,Strength,23.4,1.6,4,1,49.84
29,Female,93.5,1.85,166,167,74,1.01,670,Cardio,23.2,2.6,3,1,19.83
54,Male,84,1.94,178,133,53,1.47,942,Yoga,30.7,1.5,4,1,16.61
37,Female,55.3,1.73,183,134,51,1.1,976,Yoga,31.3,2.8,2,2,16.26
21,Male,66.6,1.85,189,121,56,0.88,993,HIIT,13.9,3.4,5,1,12.32
21,,65.8,1.62,172,127,62,1.35,1307,Cardio,26,3.4,3,1,15.3
26,Female,59.8,1.6,180,151,58,1.2,611,HIIT,16.4,2.5,3,3,12.63
42,Female,80.3,1.94,192,169,52,1.72,753,Yoga,24.6,3.5,5,2,33.99
31,Female,129.9,1.7,190,169,69,1.38,735,Strength,10,2.1,3,3,16.07
50,Female,40,1.75,162,169,55,2,1449,Yoga,31.7,3.5,4,3,28.18
51,Female,91.7,1.72,168,137,58,0.86,1529,Cardio,10,1.7,,1,14.15
18,Male,64.8,1.82,169,156,69,1.93,1516,Strength,21.9,3.5,3,2,17.69
54,Male,60.1,1.63,174,159,72,0.52,893,Cardio,18.4,3.6,4,1,20.56
38,Female,59,,169,134,67,1.36,1783,Yoga,24.5,2.4,3,1,12.32
37,Male,46.3,1.69,181,141,67,1.64,1445,Strength,20.7,2.5,4,2,19.11
21,Male,66.9,1.69,197,149,74,1.37,872,Yoga,16.6,2.6,5,2,33.07
19,Female,40,1.93,167,158,74,1.19,1265,Yoga,24.7,2.6,4,3,12.32
32,Female,79,1.6,165,149,,1.59,1245,Yoga,,2.2,3,2,18.69
36,Female,50.1,1.85,199,140,68,0.91,1243,Strength,30.7,2.8,4,2,25.82
23,Male,71.3,1.77,171,134,50,1.34,1239,Cardio,35,2.5,3,3,18.17
45,,68.3,1.75,185,133,65,1.31,1595,,29.1,2.5,4,2,13.23
39,Female,66.8,1.61,177,127,59,1.64,770,Yoga,28,3.1,4,1,17.16
45,Male,53.9,1.68,169,141,71,1.59,1031,Yoga,19.2,2.1,3,3,20.62
33,Female,97.1,1.86,166,127,72,1.39,1783,HIIT,11,1.5,4,1,16.27
27,Female,40,1.57,178,169,52,1.32,949,Strength,28.4,3.1,3,2,21.11
37,Male,62.1,1.85,196,151,64,1.28,943,HIIT,26.7,3.3,4,1,20.37
28,Male,60.7,1.73,198,124,70,1.34,1212,Cardio,24.8,2,2,1,20.21
18,Male,46.9,1.84,185,147,65,1.29,1040,HIIT,21.8,1.7,3,1,13
18,Female,90.8,1.66,182,134,56,1.77,990,Yoga,10,1.8,4,2,22.03
24,Female,44,1.79,193,164,62,1.84,622,Strength,26.3,3.5,4,2,14.27
27,Female,75.1,1.86,175,165,70,1.29,765,,27,3.5,4,2,14.22
23,Female,74.2,1.71,199,150,57,1.05,1166,Cardio,34.5,3.3,,1,12.32
23,Female,58.2,1.85,196,130,57,1.36,582,HIIT,25.7,1.5,4,1,35.08
25,Female,65.9,,180,151,56,1.66,825,Cardio,10,2.5,,1,15.58
23,Female,78.7,1.68,191,132,70,1.28,1319,,21.1,3.5,2,2,20.39
43,Male,74.2,1.76,188,141,68,0.98,1426,Cardio,21.2,3.1,2,3,20.52
18,Male,56.1,2,180,120,57,1.04,1461,HIIT,27.4,2,5,2,12.32
45,Female,42.1,1.86,194,129,74,0.91,1176,Strength,22.1,3.6,5,1,33
18,Male,40,1.73,168,121,73,0.64,1153,HIIT,29.9,3.1,2,3,18.62
18,Male,40,1.85,175,144,51,2,1318,,32.7,2,4,2,21.16
20,Male,,1.81,171,168,74,0.75,793,Strength,24.4,2.1,3,2,22.57
22,Female,40,1.75,181,155,50,2,998,Strength,27,1.8,,1,12.82
28,Female,107.7,1.99,188,129,55,2,1127,\tYoga,10,2,2,1,17.86
18,Female,40,1.8,196,120,70,2,979,Cardio,10,2.6,4,1,20.06
57,Female,70,1.81,167,154,53,1.3,1149,Yoga,26.6,1.5,3,3,12.32
55,Female,63.2,1.59,161,168,69,1.49,1094,Yoga,19,3.6,3,2,17.45
50,Male,69.6,1.71,167,169,57,0.98,470,Yoga,27.2,2.7,2,2,20.42
32,Male,57,1.76,170,160,71,1.82,904,Strength,30.9,3.3,4,3,16.01
20,Female,75.8,1.87,160,163,63,2,988,HIIT,23.5,2.7,4,3,12.32
18,Male,54.7,1.6,167,156,57,1.63,1134,Yoga,22.7,3.4,4,2,15.86
30,Male,62.2,1.69,164,134,67,1.24,1783,Cardio,30.3,3.2,3,2,25.59
18,Male,97.5,2,169,159,68,1.17,782,Strength,24.8,1.8,2,1,42.88
31,Female,51,1.56,193,140,64,1.41,1347,Cardio,28.6,3.5,2,2,25.42
18,Male,50.6,1.89,189,130,66,,1278,HIIT,28.5,3.7,4,2,27.87
31,Female,71,1.81,199,158,68,1.87,1228,Strength,29.6,2.7,2,2,14.52
28,Female,70,1.74,198,169,69,2,1468,Cardio,28.4,2.8,4,2,21.91
23,Male,57.8,1.87,172,142,54,1.46,1741,,28.7,3.5,3,2,13.33
48,Male,67.3,1.61,173,139,59,0.86,659,Cardio,20.5,2.7,3,,18.23
52,Female,73.5,1.78,181,162,67,2,1325,Yoga,21.1,2.3,3,3,18.08
18,Male,94.7,1.52,161,141,66,1.4,1446,Yoga,16.7,2.6,3,2,22.4
47,Male,40,1.89,177,139,69,1.3,902,HIIT,26.7,3.3,3,3,26.2
54,Female,63.5,1.51,192,147,70,1.23,526,Yoga,28.3,2.2,,3,17.05
22,Female,60.1,1.71,198,161,70,1.04,533,HIIT,10.3,3.4,5,1,26.74
43,Male,70.4,1.62,178,140,66,,763,HIIT,29.1,3.4,3,1,17.91
31,Male,40,1.77,181,127,51,0.76,1382,Cardio,15.3,2.6,4,,14.09
48,Male,55.5,1.5,183,133,51,0.73,830,Cardio,27.3,2.2,3,3,32.42
51,Male,75.7,,163,147,57,1.02,406,Strength,21.8,1.5,3,3,22.86
23,Female,95.6,1.5,196,152,56,0.5,639,Yoga,25.2,3.2,2,1,13.38
43,Male,102.5,1.79,190,138,69,1.54,844,Cardio,19.7,3.7,4,2,17.07
50,Male,56.6,1.96,196,169,74,2,1299,Strength,24.8,1.6,3,2,20.69
30,Male,40,1.67,176,120,55,1.39,1710,Cardio,18.2,2.7,3,1,12.32
25,Female,74.9,1.66,192,138,58,1.73,1766,HIIT,28.7,2.3,5,1,15.98
19,Female,82.8,1.79,192,127,74,1.18,1140,Cardio,10,2.4,4,3,21.95
45,Female,40,1.93,177,141,56,1.44,,Strength,24,3.6,4,1,23.52
41,Female,73.3,1.71,196,158,56,1.36,1234,Strength,30.1,3.2,4,3,25.83
53,Male,55.3,1.98,177,169,51,0.83,1273,Strength,14.7,2.1,2,2,20.9
35,Male,95.9,1.69,175,129,58,1.22,1674,Cardio,27.5,2.1,3,3,24.01
33,Male,89.6,1.62,175,137,56,1.09,906,Cardio,23.9,1.6,3,1,25.68
21,Male,86.3,1.86,167,143,73,1.26,1783,Cardio,27.1,3.1,3,2,12.93
27,Female,71.3,,168,162,71,1.93,1105,HIIT,28.9,2.7,4,1,12.32
33,Male,42.7,1.82,196,145,68,1.24,1436,Yoga,26.3,3.7,4,1,42.84
33,Female,103.3,1.72,180,162,58,0.66,1104,Yoga,22.6,3.2,2,1,12.42
33,Male,76.8,1.72,193,126,69,1.26,790,HIIT,31.8,3.3,4,1,25.47
23,Female,69.1,1.63,198,138,57,2,1549,Yoga,21.4,3.3,2,1,31.27
30,Male,75.6,1.82,196,138,74,1.31,925,Cardio,32.4,3.3,3,3,15.35
18,Female,42,1.74,197,120,57,2,1236,Cardio,26.6,1.5,3,2,19.62
56,Male,62.9,1.5,194,153,74,1.85,991,Yoga,23.2,2.4,3,2,32.25
22,Female,53.5,1.76,194,137,66,2,1395,Strength,13.1,2.3,5,2,17.16
21,Female,90.7,1.75,190,135,54,1.03,1155,Cardio,28,2.3,3,2,12.66
21,Male,74.7,1.59,161,169,74,1.08,1379,Yoga,15.2,2.5,3,2,21.53
50,Male,82.6,1.71,164,160,63,1.33,1011,Yoga,22.4,3.6,5,2,12.32
27,Male,40,1.76,183,125,60,1.04,1783,Yoga,21.9,3.3,4,2,12.32
27,Female,70.1,1.58,169,156,63,0.82,797,Cardio,28.1,3.4,3,1,24.04
29,Female,40.2,1.7,184,152,70,1.82,744,Strength,13.2,2.6,3,2,18.63
19,Female,76.4,1.79,189,132,57,1.41,1414,HIIT,33.3,3.5,3,2,14.21
39,Male,78.5,1.59,197,153,71,1.88,1009,Yoga,26,3.7,5,1,16.24
18,,72.1,1.79,194,169,71,1.89,716,\nStrength,16.7,3.2,2,2,12.32
26,Male,61,1.97,172,140,74,1.99,1298,Cardio,21.8,2.6,,2,24.27
20,Female,82.6,1.6,174,149,63,2,775,HIIT,22.9,3.3,2,2,15.06
34,Male,91.2,1.5,193,165,61,1.13,905,Strength,24,3.4,4,1,24.8
18,Male,64.2,1.61,167,147,,1.17,1783,Cardio,25.9,2.1,3,2,12.83
23,Male,46.7,1.65,164,159,68,1.81,1563,Yoga,15.8,2.5,4,2,19.8
28,Female,74.2,1.5,191,129,72,1.77,848,Strength,17.3,1.5,3,2,24.11
18,Female,64,1.51,176,129,74,1.18,992,Strength,26.7,3.4,5,3,14.98
32,Male,52.8,1.61,169,169,70,0.88,1375,Strength,24.2,2.7,5,1,18.1
26,Male,,1.77,164,147,56,1.2,1091,Yoga,30.8,1.6,3,3,21.49
47,Male,40,1.73,170,160,66,1.27,1249,Cardio,22.8,3.6,2,1,26.91
26,Female,85.8,1.87,188,162,58,1.33,938,HIIT,24.3,,4,2,18.34
19,Male,40,1.59,187,152,73,1.52,948,Yoga,27.1,1.6,3,,13.85
26,Female,86.6,,192,120,59,1.75,1102,HIIT,19,1.8,3,1,17.94
39,Male,70.7,1.58,189,163,66,1.69,1146,Yoga,21.9,3.2,3,1,21.17
37,Female,40,1.59,190,161,70,1.16,670,,24.5,3.3,4,2,
19,Female,66.7,1.73,172,,71,1.18,589,HIIT,24.9,1.8,3,1,19.24
39,Female,72.1,1.52,172,151,,1.09,1093,HIIT,28.2,2.7,2,1,20.85
53,Male,80.5,1.64,173,120,60,1.26,735,Yoga,26.3,,4,2,12.32
41,Male,77,1.5,190,146,56,1.3,1067,Strength,27.5,3.3,4,2,26.26
23,Male,117.8,1.88,168,167,55,1.35,1259,Strength,32.3,1.6,3,2,14.24
31,Female,76.2,1.64,169,137,72,0.74,1207,Strength,23.3,2.7,,3,40.63
50,Female,57.3,1.72,197,133,56,2,950,Yoga,11.1,3.2,2,3,22.6
22,Female,103.1,1.72,168,166,59,1.07,978,HIIT,23.1,1.9,2,2,16.79
29,Female,77.4,1.69,179,132,74,1.11,712,Yoga,27,3.5,2,3,16.23
18,Male,84.1,1.78,194,145,64,2,686,Cardio,30.3,3.3,3,3,14.46
29,Male,40,1.86,180,169,63,1.26,986,Yoga,25.3,1.5,3,1,19.92
42,Male,66,1.6,196,159,52,1.93,1042,Strength,16.4,3.5,4,2,17.81
51,Female,84.6,1.77,197,141,55,1.44,543,HIIT,23.4,2.9,5,3,24.89
51,Male,100.7,1.75,185,138,73,1.5,703,Strength,25.5,1.8,4,3,15.9
22,Male,58.6,2,165,169,57,2,1402,Strength,30,3.5,4,2,20.99
21,Female,57.4,1.74,179,161,73,2,457,HIIT,27.7,2.5,3,1,24.67
21,Male,69.5,1.54,167,158,72,1.28,1044,Yoga,27.9,2.9,2,,14.68
26,Female,42.2,1.91,174,127,72,1.65,455,Strength,23.6,2.9,3,2,24.27
18,Male,61.3,1.6,191,135,67,1.09,609,,13.7,1.6,2,3,14.7
18,Male,66.6,1.62,192,156,58,1.3,1250,Cardio,21.3,3.2,5,1,12.58
37,Female,94.4,1.7,193,127,70,1.27,1183,HIIT,16.4,3.4,4,1,19.3
45,Male,111.9,1.73,177,129,54,0.92,1267,Strength,18.3,2.6,4,1,12.32
18,Female,92,1.79,199,169,56,1.77,1105,Strength,14.4,,2,1,20.25
18,Female,,1.76,176,167,58,1.21,912,Strength,28.4,3.6,2,2,25.72
51,Male,61.1,1.82,165,163,57,1.19,1171,Yoga,31.7,2.5,4,3,45.75
18,Female,96,1.82,198,144,58,1.19,323,Yoga,23.8,1.8,3,1,12.32
27,Female,89.7,1.67,172,130,64,1.46,729,Yoga,27.7,3.4,4,2,17.56
34,Female,61,1.69,190,159,63,0.99,1040,Cardio,23.6,3.6,5,3,18.07
31,Female,75.6,1.57,163,152,71,0.96,668,\tYoga,25.8,2.3,4,1,26.35
23,Female,40,1.76,,143,71,1.08,1442,Yoga,25.7,3.3,5,3,12.32
54,,46.8,1.67,181,169,74,1.48,,Strength,25.5,1.5,4,1,22.04
19,Female,90.6,1.85,187,131,68,1.67,607,HIIT,27.5,3.3,2,2,19.15
47,Female,90.8,1.67,186,120,74,1.43,506,Strength,32,2.7,3,3,18.39
33,Female,129.9,1.69,168,152,74,1.61,810,Strength,27.5,3.5,,2,23.37
50,Female,69.3,,162,126,62,1.33,1138,Strength,25.6,1.5,3,1,22.79
19,Female,40,1.77,179,139,74,1.22,1173,Yoga,27.7,1.6,3,3,19.2
27,Male,112.6,1.79,174,167,60,0.69,1282,Strength,28.6,1.5,2,1,22.96
49,Male,54.2,1.64,182,147,64,0.95,914,,19,3.2,2,2,23.01
46,Male,108.9,1.86,162,165,74,1.42,936,Strength,22.2,1.9,4,2,27.29
37,,69.4,1.61,173,169,66,1.09,948,Strength,28.3,1.5,2,1,12.32
52,Male,40,1.6,194,,73,1.48,1156,Yoga,23.4,2.3,4,2,27.66
26,Male,43.2,1.8,185,149,52,1.87,1019,Cardio,23.5,2.1,4,2,27.59
45,,68.7,1.7,179,126,74,1.05,1161,Cardio,22.9,3.1,4,3,24.13
18,Female,61.1,1.74,191,159,69,1.36,1311,HIIT,15.6,3.4,2,2,16.61
38,Male,85.5,1.77,175,156,50,1.13,766,HIIT,14.6,3.4,2,1,16.38
18,Female,50.1,1.8,174,125,50,1.38,1185,HIIT,30.8,3.4,3,2,29.04
45,Male,129.9,1.75,197,154,73,1.97,757,Cardio,23.5,2.4,5,1,36.13
47,Female,93.3,1.73,184,123,62,1.45,998,Yoga,15.1,1.7,4,2,12.32
45,Female,73.7,1.7,190,167,67,1.11,1100,Yoga,29.1,1.8,2,1,15.88
55,Female,69.4,1.56,175,134,70,1.48,734,Yoga,16.8,,4,2,23.63
18,Male,86.1,2,180,158,72,1.27,1173,HIIT,19.7,3.5,2,3,13.06
20,Female,,1.5,198,128,50,0.97,906,Cardio,31.2,3.4,2,1,21.03
18,Female,40,1.77,189,137,74,0.6,829,Cardio,24.7,2.6,4,1,16.35
46,Female,40.8,1.71,191,162,52,0.93,903,Yoga,14.2,1.9,2,,39.04
43,Male,56.4,1.8,174,161,74,1.03,327,Strength,10,3.2,3,1,21.21
45,Female,60.7,1.63,170,139,74,1.18,1356,\tCardio,10,3.3,3,3,12.32
43,Female,40,1.69,187,162,66,0.9,886,Strength,28,2.2,2,1,26.48
29,Female,84.4,1.67,184,160,74,1.28,1475,Yoga,10,2.1,5,2,17.62
18,Female,67.5,1.71,185,166,58,1.81,1162,Cardio,10.6,3.5,3,2,37.91
21,Female,62.1,1.68,173,158,71,1.23,1186,Yoga,26.4,3.5,4,1,15.6
41,Male,83.7,1.92,161,163,59,1.37,1308,Cardio,21.4,1.5,2,2,17.48
26,Female,80.6,1.86,195,127,53,2,564,Strength,23.1,1.5,3,2,29.21
33,Male,60.8,1.78,189,147,73,1.04,951,Cardio,27.3,3.3,4,2,
18,Male,44.8,1.81,164,,57,1.2,742,HIIT,23.5,3.3,4,3,19.04
21,Male,62.3,1.91,198,141,51,1.47,1394,Yoga,22.7,1.8,3,2,17.4
49,Female,97.4,1.67,171,132,72,1.97,1091,Cardio,30.4,3.6,3,1,12.32
19,Male,51.4,1.78,167,154,70,2,1218,Yoga,29.8,2.1,3,2,13.61
31,Male,79.1,1.74,192,167,74,0.93,1157,Cardio,18.7,1.9,2,3,13.83
43,Male,57.5,2,172,126,64,1.4,735,Cardio,16.9,2.1,3,1,20.98
43,Female,70.6,1.71,193,148,54,1.28,725,Cardio,27.1,3.6,3,1,22.55
18,Female,72.5,1.79,173,140,67,1.34,1629,Strength,27.3,2.7,5,1,19.58
44,Female,68,1.66,182,146,68,0.82,1278,HIIT,20.7,3,5,1,16.02
21,Female,121.6,1.78,182,151,50,1.81,1242,Yoga,21,3.5,4,2,16.63
44,Male,55.1,1.9,196,165,55,1.26,901,,26.9,2.6,3,1,22.13
58,Female,51.2,1.72,165,139,70,0.79,1612,Yoga,20.6,2.1,3,3,36.29
35,Female,60.8,1.64,161,127,74,1.57,1132,Yoga,20.7,3.7,3,3,19.54
18,Male,49.8,1.96,199,162,74,1.64,996,Strength,,2.3,4,2,14.35
26,Female,64.7,1.75,172,157,52,1.35,1193,Yoga,23.5,1.6,3,2,18.21
24,Female,58.5,1.87,183,128,74,1.36,1034,HIIT,24.8,3.3,4,1,24.49
31,Female,49.1,1.7,162,167,63,1.1,891,Strength,23.5,2.9,3,1,15.73
39,Female,67.8,1.59,164,158,74,1.65,1374,Strength,25.9,2.6,5,2,25
22,Male,43.3,1.69,176,158,53,1.31,500,,23.7,1.5,2,2,13.83
44,Female,40.8,1.74,177,165,72,,384,HIIT,10,,3,1,13.11
18,Male,71.5,1.69,186,124,60,1.53,763,Yoga,16.9,2.5,2,1,15.8
50,Male,41.1,1.51,169,152,63,2,1069,Strength,24.9,1.5,4,2,31.59
27,Male,52.3,1.6,177,124,66,0.93,416,Strength,22.5,,5,2,31.64
28,Male,73.2,1.76,171,159,61,1.21,973,HIIT,26.4,2,4,1,12.32
41,Female,117.7,1.67,189,123,58,2,1243,Yoga,26.2,3.2,2,1,17.26
31,Male,63.8,1.74,199,140,55,1.5,741,HIIT,28.1,1.6,3,2,25.22
31,Male,62.1,1.71,172,169,55,1.52,854,HIIT,27.4,3.7,3,3,
18,Male,52,1.66,199,137,74,2,1314,Cardio,26.7,3.3,3,1,20.41
25,Female,73.3,1.5,185,169,67,1.38,433,Strength,30.6,1.5,4,1,22.55
18,Male,50,1.83,163,140,64,1.41,969,Yoga,19,1.9,3,2,14.29
34,Male,90,1.74,194,167,57,1.36,764,Cardio,25,2.6,4,2,13.77
39,Male,109.6,1.84,199,152,74,1.27,790,HIIT,26.7,3.5,2,2,19.77
18,Male,43.5,1.77,161,136,57,2,452,Cardio,24.4,3.3,5,1,21.96
20,Male,115.4,1.73,187,154,63,1.12,878,Yoga,30.7,3.5,3,1,27.02
22,Male,47.4,1.91,161,164,73,2,1206,Cardio,26.6,3.5,5,3,15.36
18,Male,54.6,1.66,189,142,64,1.19,523,HIIT,34.7,2.6,2,1,18.88
36,Male,40,2,193,121,,1.98,1282,Yoga,25.7,2.6,4,1,27.96
26,Female,71.2,2,169,159,52,1.42,749,Strength,29.8,3.5,4,2,27.16
53,Female,46.4,1.7,169,120,72,1.49,1415,Yoga,21.9,3.4,4,2,14.08
18,Female,69.9,1.78,160,143,74,2,930,HIIT,19.6,2,3,3,12.32
20,Male,64.9,1.69,187,128,54,0.68,1303,Cardio,10,3.3,4,3,14.87
43,Female,47.6,1.65,198,140,61,2,692,Cardio,22,3.5,3,2,22.14
23,Male,48.9,1.7,168,156,65,1.4,1776,Yoga,32.5,2.1,,2,21.36
38,,78.6,1.98,194,136,69,1.3,1590,Strength,27.2,2.3,4,2,25.52
51,Female,72.2,1.91,184,140,70,1.39,960,HIIT,21,1.5,3,2,17.41
54,Female,79.8,1.94,163,120,63,1.53,827,Yoga,25.3,3.3,4,2,12.32
22,Male,62.8,1.71,182,153,70,2,816,Yoga,15.8,,3,2,14.23
26,Female,122.7,,191,151,72,1.14,524,Strength,24.3,1.5,2,3,17.44
23,Female,52.4,1.86,166,130,59,1.53,880,Yoga,21.6,1.5,4,2,12.32
42,,67.7,1.82,199,125,55,0.76,1239,Cardio,15,3.4,2,2,21.78
34,Female,88.8,1.56,198,160,53,1.18,1086,Cardio,32.6,3.4,4,2,30.43
29,Female,101.5,1.9,175,165,74,1.46,1128,Yoga,26.3,2.7,2,1,25.74
18,Male,40,1.72,195,137,52,2,1783,Cardio,18.6,1.5,4,1,12.77
24,Male,40,2,173,126,50,1.1,1783,Cardio,31.9,1.6,3,1,34.62
,Male,50.5,1.76,192,156,72,1.25,768,Cardio,12.8,1.7,4,2,16.06
41,Female,66.2,1.83,196,126,74,1.6,993,Yoga,20.2,2.5,5,1,24.37
37,Female,77.5,1.5,175,142,70,1.58,1141,Yoga,21.2,1.8,3,,12.32
30,Female,119.6,1.72,191,150,74,1.77,1006,Yoga,13.1,2.2,4,3,13.32
38,Male,40,1.5,172,169,59,1.52,1107,HIIT,24.9,2.8,3,1,36.71
18,Male,82.3,1.74,198,155,55,1.38,1368,Strength,26,3.3,2,3,17.15
54,Male,71.2,1.7,190,120,58,1.21,708,,14.4,3.1,4,2,12.46
34,Male,53,1.92,199,134,68,1.12,790,Strength,19.8,3.5,4,3,16.18
56,Female,45.7,1.96,192,153,71,2,868,Yoga,11.4,2,4,2,21.34
18,Female,79.6,1.75,168,125,54,1.26,682,HIIT,25.1,2.4,3,2,12.32
42,Female,105.3,1.67,175,143,74,1.1,1115,Strength,25.4,3.3,3,1,12.32
31,Male,84.5,1.56,194,124,70,1.31,734,Strength,23.6,3.3,2,2,21.57
50,Male,98.6,1.54,187,126,57,0.72,940,Strength,23.5,1.6,3,1,12.32
27,Male,55.4,1.72,186,153,74,2,1281,\nStrength,10.9,2.4,4,2,14.56
41,Female,40,1.77,168,154,74,1.14,628,HIIT,19.9,3.4,5,1,24.52
26,Female,63.9,1.75,199,121,72,2,638,HIIT,23.6,3.4,4,2,23.96
47,Male,40,1.91,185,,74,1.41,608,Cardio,24.3,2.9,3,1,27.2
31,Female,40,2,192,134,55,1.44,1116,Strength,12,2.6,2,2,21.2
27,Male,91.9,1.5,185,154,60,1.08,825,HIIT,28.8,3.2,5,2,21.07
20,Female,42.4,1.69,198,129,58,0.77,1030,HIIT,28.1,1.5,,1,20.39
21,Male,76.8,1.52,191,140,66,1.08,702,Cardio,21,3.6,3,2,25.59
47,Female,70.7,1.66,195,169,60,1.25,1033,\tYoga,16.7,3.5,4,2,14.61
33,Male,40,1.88,196,162,58,1.59,1131,Yoga,30.4,2.6,3,1,21.91
59,Male,40,1.56,163,167,74,1.59,722,Cardio,23.7,3.2,4,3,12.32
43,Male,46.8,1.67,178,141,64,1.03,1403,Cardio,26.1,3.2,3,1,14.13
27,Male,100.7,1.75,163,166,61,1.28,1159,Cardio,28.1,3.7,3,1,12.32
44,Female,73.4,1.59,199,152,72,0.94,721,Cardio,23,2.2,4,1,33.25
22,Male,63.4,1.83,196,169,71,1.66,466,Cardio,28,3.4,2,3,24.61
19,Female,129.9,1.71,161,169,56,2,443,Yoga,29.6,2.4,4,2,12.32
24,Female,48.3,1.73,193,136,62,1.98,1404,Strength,22,3.5,3,1,13.22
45,Female,80.5,1.89,183,134,74,1.02,1311,HIIT,24.6,1.9,4,1,12.32
35,Female,42.9,1.51,163,131,74,2,526,Cardio,15.3,3.3,5,,13.74
18,Male,74.6,1.88,177,166,53,2,1010,Cardio,18,2.2,5,1,30.5
21,Male,66.7,1.93,175,166,63,1.26,949,Yoga,27.8,3.4,2,2,13.53
31,Female,55,1.6,172,164,53,1.85,1361,Strength,20.6,3.4,4,1,16.04
27,Female,52.3,1.77,193,130,57,2,993,Yoga,25.6,,4,1,15.08
46,Male,65.7,1.75,192,135,59,1.31,881,Strength,10,2.7,2,1,31.78
53,Female,84.7,1.61,193,158,72,2,478,Yoga,25.6,2.4,3,1,18.57
18,,80.4,1.97,172,137,74,1.62,617,Strength,22.4,3.4,3,1,16.91
18,Female,63.4,1.85,191,148,69,0.89,1106,Strength,21.4,2.3,5,3,15.64
48,Female,61.8,1.71,172,140,62,1.37,1266,Cardio,28.6,3.6,4,1,23.64
53,,64.4,1.58,198,158,74,1.82,1144,Yoga,27.2,3,2,1,18.33
25,Male,44.2,1.9,174,159,50,1.1,1293,Yoga,25.7,2.5,4,2,19.26
18,Female,43.1,1.75,183,138,53,1.95,437,Cardio,19.1,3.6,2,2,18.14
18,Male,92.1,1.59,171,150,54,1.17,968,Yoga,21.8,2.4,5,2,25.66
31,Male,58.7,1.66,183,149,74,1.15,1368,Cardio,23.1,2.3,4,1,12.32
44,Female,59.4,1.67,197,164,53,1.31,676,Cardio,24.8,,3,2,19.28
59,Female,44.5,1.84,183,154,71,1.28,787,Cardio,26.5,1.7,2,2,20.22
44,Female,84.8,2,196,155,70,1.66,1439,HIIT,12.1,1.7,2,1,14.34
57,Female,80,1.79,167,127,54,1.01,312,Yoga,24.3,2.6,4,2,13.16
20,Male,87.1,1.91,186,150,51,1.39,1431,Yoga,27,2.8,3,3,21.51
27,Male,56.4,1.76,198,129,71,1.79,488,HIIT,22.9,3.3,4,1,17.49
32,Male,58.4,2,179,139,60,1.21,1379,Strength,23.3,3.2,4,2,22.61
42,Female,68.5,1.75,187,167,54,1.3,708,Cardio,15.4,1.6,4,1,33.91
48,Female,77.7,1.76,,156,53,2,1153,Cardio,28.4,2.4,3,1,25.3
55,Female,67.1,1.58,199,122,71,1.86,960,Strength,21.7,1.5,4,2,28.07
31,Female,55.7,1.8,168,167,64,1.53,600,HIIT,34.4,2.8,4,3,25.27
39,Female,63.2,1.74,181,157,54,1.62,900,Strength,13.9,2.1,5,1,15.32
40,Female,64.6,1.55,198,133,74,1.39,303,Strength,21.4,1.5,2,2,16.91
35,Male,55,,172,149,62,1.43,1423,Strength,30,3.5,3,2,23.55
36,Female,71.9,1.66,177,,73,0.96,556,Yoga,23.3,3.2,2,2,14.97
26,Female,56.7,1.73,168,144,71,0.68,1129,Strength,25.5,3.4,3,1,19.65
48,Male,56,1.7,164,132,50,2,1148,HIIT,26.6,3.1,2,2,19.44
54,Female,74.9,1.69,195,153,62,1.1,1389,Yoga,14.4,3.1,3,1,18.71
55,Female,,1.68,164,156,67,1.59,851,Cardio,33.1,2.8,3,2,28.23
18,Female,43,1.95,163,164,68,2,1349,Strength,18.5,3.2,2,2,12.32
59,Male,70.2,1.77,172,124,68,1.47,1069,Cardio,21.4,3.5,4,1,40.19
23,Male,96.5,1.8,187,155,68,0.92,1465,Yoga,29.3,3.2,3,1,12.32
30,Male,56.6,2,184,125,52,1.29,918,Cardio,28.9,3.3,2,1,23.89
38,Female,40,1.88,164,154,70,1.63,1109,Yoga,20.7,1.7,2,2,12.64
18,Male,101.2,1.59,198,122,58,1.08,,Strength,28.6,3.1,4,2,19.39
48,Female,81.9,1.8,180,165,67,1.25,1410,Cardio,24,3.5,4,2,18.28
47,Male,121.4,1.61,164,155,74,0.94,934,Strength,24.7,2.5,2,1,30.03
21,Female,70.5,1.84,173,127,66,0.97,1013,Cardio,26.7,1.6,5,3,25.59
23,Female,70.5,1.65,192,162,50,0.63,1186,Cardio,27.1,2.6,2,2,20.02
46,Male,54.8,1.69,194,148,74,0.52,846,Yoga,16.5,3.5,3,3,22.85
42,Male,72,1.9,184,147,67,1.48,1047,Yoga,15.6,3.4,3,1,24.6
29,Male,56.3,1.81,189,166,65,1.39,1066,Strength,14.3,2.9,3,1,22.34
18,Male,46.5,1.54,198,169,55,,1060,Cardio,28.9,3.1,5,1,14.01
47,Female,51.4,1.88,176,125,58,0.88,1133,Yoga,24,3.3,3,3,14.3
43,Male,42.6,1.62,189,169,74,1,1213,Strength,13.6,3.5,2,,21.81
18,Male,73,1.78,161,131,50,2,1319,Strength,26.1,1.5,5,1,12.32
50,Male,87.9,1.68,192,151,71,2,494,Strength,15.5,3.1,3,3,31.28
35,Male,53,1.67,183,128,72,1.29,682,Yoga,21.9,2.2,3,2,16.71
43,Female,46.3,1.61,190,136,69,2,1185,Yoga,21.4,3.5,4,1,14.14
50,Male,82.8,1.9,161,130,74,1.51,1151,,16.8,3.3,4,3,28.59
53,Female,82.9,1.6,170,148,55,1.93,541,HIIT,17.8,2.5,3,2,12.33
18,Female,71.9,1.54,177,120,73,1.17,817,Strength,16.8,2.6,3,1,29.64
27,Male,41,1.82,171,138,53,1.47,1273,Cardio,29.1,2.4,4,1,12.35
18,Female,81.9,1.79,178,160,60,1.24,1172,,28.5,1.7,3,3,12.32
18,Male,67.7,1.69,192,123,57,1.44,1445,Cardio,26.8,3.1,3,2,21.16
22,Female,99.5,1.79,186,122,56,1.45,1783,Cardio,27.6,3.5,2,2,23.56
31,Female,47.4,1.73,178,150,57,1.64,962,Cardio,28.8,2,4,3,20.91
18,Male,71.1,1.84,189,127,74,0.85,1303,Strength,15.2,2.8,2,3,30.36
22,Male,89.8,1.79,179,163,59,2,1098,Strength,28.2,1.7,3,1,12.32
28,Female,81.7,1.81,177,130,50,1.45,507,Cardio,23.2,1.7,3,1,34.26
40,Male,40.4,1.68,171,130,54,2,527,Strength,27.3,3.3,4,3,20.47
56,Male,40,1.63,181,133,50,0.89,1674,Yoga,23.4,1.5,3,2,20.75
41,Male,40.2,1.76,198,135,56,1.93,964,Strength,18.8,3.4,4,1,19.02
47,Male,49.9,1.74,190,120,65,1.97,406,HIIT,29.4,1.5,5,2,16.01
42,Male,41.9,1.84,168,154,71,1.49,1029,,30.6,2.6,4,2,22.97
26,Male,40,1.72,164,169,58,0.89,1198,HIIT,17,1.6,5,2,20.71
18,Male,47.3,1.75,196,169,56,1.32,706,Cardio,29,1.9,2,2,30.5
54,Male,79.6,1.87,190,155,53,,884,Strength,27.7,3.5,2,2,12.32
19,Female,76.6,1.84,188,138,71,1.72,699,HIIT,28.3,3.5,4,1,19.76
32,Female,69.5,1.65,192,140,52,1.71,1163,Cardio,29.8,3.5,4,1,15.8
46,Female,68.6,1.63,177,150,58,2,1074,Strength,25.8,3.6,3,3,19.42
46,Male,73,2,184,123,64,0.9,1159,Cardio,10,3.4,5,3,14.91
52,Female,40.8,1.71,181,169,73,1.44,303,Yoga,28.3,1.6,3,1,18.31
19,Male,42.1,1.6,194,148,73,1.27,1305,Cardio,12.7,3.3,2,2,16.65
34,Male,40,1.82,176,141,66,1.34,1709,Cardio,24.1,3,4,1,15.3
18,Female,67.1,1.71,174,165,74,1.84,577,\nStrength,27.1,2.7,4,3,24.9
53,Male,67.2,1.68,190,138,55,1.67,924,,22.6,1.5,3,1,13.91
29,Male,72.1,2,166,124,67,2,1582,Strength,32.7,3.4,3,2,21.75
49,Female,62,1.87,195,125,74,1.04,842,HIIT,20,3.5,3,1,22.02
52,Male,71.3,1.84,197,126,73,1.22,765,Cardio,29.2,1.8,2,,12.32
28,,85.6,1.54,168,128,59,1.45,860,Yoga,14.9,2.4,4,1,12.32
21,Male,51.9,1.57,170,167,73,1.25,1082,Strength,27.5,1.6,3,2,18.89
33,Male,92.8,1.59,161,150,52,1.19,1640,Cardio,23.8,2.6,3,3,15.84
58,Female,40,1.7,193,120,52,0.99,1178,Yoga,21.2,2.5,5,1,12.32
36,Female,44.9,1.79,166,120,74,1.66,811,HIIT,16.2,3.3,3,1,29.4
33,Male,78.6,1.7,161,168,65,2,855,Cardio,10,3.2,2,1,16.53
42,Female,54,1.69,179,169,53,1.19,458,,25.7,3.3,3,3,14.91
29,Male,53.8,1.66,163,133,64,2,1187,Strength,34.5,1.5,4,1,23.95
26,Female,91.7,1.58,167,120,52,1.65,1334,Cardio,29.2,2.6,2,2,
44,Male,63.3,1.88,189,150,74,1.02,1184,Strength,16.5,3.5,4,1,13.03
42,Female,98.1,1.73,165,120,69,1.52,477,Yoga,21.7,1.9,2,2,15.29
39,Male,129.9,1.81,190,140,74,1.89,,HIIT,14.9,2.5,2,3,26.54
56,,40,1.85,194,158,67,1.43,1633,Yoga,30.6,1.9,4,1,21.57
32,Male,87.2,1.5,193,152,58,1.28,1538,Cardio,23.2,2.1,3,3,16.29
31,Male,64.8,1.71,174,164,57,1.64,857,HIIT,26.2,2.7,4,,23.64
48,Male,51.6,1.8,181,161,68,0.82,1487,Cardio,22.5,1.9,4,2,13.29
21,Male,69.4,1.85,177,153,74,1.55,879,Strength,10,2.4,3,2,17.58
38,Female,77.4,1.54,169,149,50,2,867,Strength,29,3.6,5,2,13.58
58,Female,76.3,1.56,190,145,72,2,913,Strength,,3.3,3,3,16.67
42,Female,82.3,1.94,198,132,57,1.46,1050,Yoga,10,3.2,3,2,20.23
40,Female,95.5,1.84,196,144,68,1.94,1568,Yoga,26.7,3.7,3,1,17.55
19,Male,60.7,1.7,183,128,74,1.22,817,Strength,20.9,2.8,4,1,35.87
34,Male,40,1.88,188,131,54,1.29,840,Cardio,11.9,1.9,3,3,18.81
37,Female,63.1,1.84,185,158,56,1.3,1248,HIIT,31.9,3.5,3,1,26.39
51,Female,55.7,1.5,188,143,58,1.19,1302,HIIT,27.7,2,3,1,28.28
52,Male,53.1,1.55,184,167,50,1.95,1205,Strength,14.6,3.5,5,1,12.32
52,Female,65.8,1.82,168,167,71,1.15,751,Strength,17.1,1.5,3,1,32.86
18,Female,,1.72,169,136,66,2,945,Strength,22.8,3.3,4,2,26.19
35,Female,40.4,1.71,176,130,70,1.97,1110,HIIT,17,3.6,4,3,29.32
45,Male,40,1.75,194,120,50,1.67,1296,Yoga,28.8,1.9,3,3,26.88
31,Male,40,2,176,162,69,1.45,949,Cardio,26.9,3.2,3,2,30.36
27,Male,40,1.68,166,128,59,1.6,1112,Yoga,10,2.6,4,2,19.67
27,Female,60.1,1.94,184,162,74,2,,Strength,27.2,3.4,3,1,14.02
18,Male,73,1.89,172,153,56,1.19,596,Cardio,15.6,3.4,5,1,17.22
35,Female,127.6,1.65,174,156,56,1.9,1084,HIIT,20.4,3.4,5,1,15.36
49,Female,,1.72,171,122,73,1.02,614,HIIT,21.6,1.8,4,1,18.86
18,,40,1.68,178,147,71,2,831,HIIT,17.3,3.5,4,1,24.89
19,Female,43.6,1.7,168,126,55,1.42,685,HIIT,23.9,1.5,4,3,19.35
24,Male,54,1.71,191,169,71,1.23,730,Cardio,29,2.7,2,2,15.39
44,Male,53.1,1.64,160,160,74,1.65,749,Cardio,27,3.2,,2,27.79
21,Female,87.8,1.88,195,133,74,1.95,621,HIIT,19.9,3.4,3,3,20.22
42,Male,67.4,1.91,191,146,52,1.26,,HIIT,26.9,3.7,3,3,23.62
38,Male,82.7,2,178,138,72,1.46,1219,Yoga,25.8,3.6,4,1,24.74
33,Male,84,1.7,194,156,73,0.5,580,Cardio,20.5,2.5,3,3,13.38
18,Female,58.4,1.87,167,168,74,1.42,1306,Cardio,26.9,3.2,2,1,17.66
48,Male,63.8,1.79,185,135,71,1.69,1242,HIIT,29.7,1.5,4,1,25.54
45,Male,94.6,1.69,178,147,56,1.95,1105,Yoga,29.9,1.8,2,2,15.15
21,Female,40,1.58,165,134,69,1.05,624,Strength,29.2,1.7,3,1,12.47
59,Female,71.1,1.73,184,125,66,1.07,691,Cardio,25.2,2.6,2,3,34.41
19,,116.6,1.72,187,126,70,1.1,779,Strength,23.8,2.6,3,2,16.61
36,Female,55,1.77,161,142,74,1.04,1564,,19.8,3.2,2,2,21.97
33,Female,76.3,1.88,169,161,69,,1265,Cardio,24.2,1.5,4,2,14.97
22,Female,48.6,1.72,177,156,70,1.39,708,Yoga,25.4,3.4,3,1,20.42
42,Male,57.3,1.73,194,153,65,1.97,1132,Strength,22.2,3.2,4,1,19.54
36,Female,55.9,1.76,181,169,74,1.91,474,Strength,18.2,1.5,5,1,12.32
41,Male,73.2,2,179,161,58,1.06,758,HIIT,17.6,1.8,2,1,18.61
23,Male,58.7,1.69,189,135,,1.37,1231,Yoga,26.6,3.3,2,1,23.64
24,Female,91.8,1.82,171,140,52,2,1065,Strength,16.1,2.7,4,2,24.37
42,Female,47.7,1.72,183,150,57,1.95,782,Yoga,31.4,3.1,3,,14.27
55,Female,51.9,1.64,171,150,68,1.05,1619,Strength,22.8,2.2,5,3,25.06
36,Male,60.1,1.78,186,169,51,1.46,1108,Cardio,35,2,3,1,16.06
18,Female,40,1.56,196,149,56,0.79,1027,Strength,27.6,1.9,2,1,12.98
23,Female,64.7,2,184,169,55,1.46,860,Strength,32.4,2.5,5,2,20.45
24,Male,73,1.61,188,131,60,0.56,864,Yoga,27.4,3.6,2,2,12.36
41,Male,90.3,1.76,180,,70,1.96,1596,Cardio,22.6,2.3,4,1,12.32
48,Female,79.1,1.63,168,135,53,1.15,1302,Yoga,35,3.3,4,1,27.86
47,Female,82.2,1.72,174,126,70,1.15,1211,Yoga,25,3.7,2,3,12.4
54,Male,40,1.79,162,162,54,2,444,Yoga,16.9,2.3,5,3,22.6
33,Female,60.7,1.57,179,135,69,1.24,964,HIIT,26,2.9,3,1,15.19
29,,48.9,1.7,194,145,55,1.12,487,Cardio,33.9,2.2,5,2,28.96
50,Female,76.4,1.54,172,133,71,1.3,1311,Strength,25.2,2.1,3,1,33.64
49,Female,95.6,1.67,164,134,74,1.71,466,Cardio,26,1.8,3,2,14.67
25,Female,85.1,1.98,185,148,58,1.29,785,Yoga,22.5,3.5,4,1,14.37
34,Female,72.9,1.71,164,122,73,1.78,432,HIIT,27.8,1.5,2,2,20.67
30,Female,42.2,1.63,177,134,74,2,685,Yoga,26.4,3.7,3,2,28.27
49,Male,40,1.76,193,124,72,1.3,1196,Cardio,11.2,2.2,4,2,16.86
18,Male,51.8,1.58,164,164,51,0.84,1110,Cardio,25.8,3.5,3,3,16.04
31,Male,91.5,,189,169,58,1.51,786,Yoga,24.6,3.6,3,1,19.09
22,Male,64.6,2,196,137,73,0.85,704,HIIT,21.4,2.5,3,3,22.43
47,Male,66.5,1.79,193,155,51,0.69,1656,,24,2.8,5,1,16.95
54,Male,55.2,1.8,168,137,55,2,1472,HIIT,27,3.1,4,2,23.47
49,Female,105.3,1.83,165,150,70,1.53,699,Strength,31.4,3.7,3,1,39.35
18,Male,74.1,1.76,170,135,62,1.24,1214,Cardio,13.7,2.5,3,2,13.25
46,Female,40,1.75,170,142,63,0.96,919,Cardio,22.3,2.4,4,2,12.41
18,Male,91.1,1.76,197,162,59,1.52,1362,Cardio,28.8,3.4,3,1,14.34
21,Female,49.2,1.64,177,164,53,0.58,1114,HIIT,23.3,2.9,3,1,23.08
44,Female,87.8,1.77,163,157,67,1.18,,Yoga,23.7,2,4,2,12.32
48,Female,40,1.77,180,127,54,1.48,1460,HIIT,27.2,2.4,5,3,18.51
48,Female,60,1.92,165,140,72,2,1751,HIIT,11.1,1.5,2,2,32.68
21,Male,56.1,1.54,\t182,168,52,1.34,1083,Strength,33.1,2.5,4,2,18.76
51,Female,46.2,1.73,192,169,62,1.55,1389,Cardio,32.8,1.7,,3,14.87
36,Male,68.2,1.91,188,131,69,2,1162,Strength,33.1,1.5,3,3,
44,Male,56.1,1.68,191,152,69,1.8,1223,Strength,15.4,2.6,4,2,17.28
24,Male,51.7,1.93,182,158,70,,1783,Yoga,24.4,2.7,2,1,16.29
51,Male,65.8,1.62,191,169,74,1.36,1073,HIIT,28.2,3.5,2,,21.21
32,Female,40,1.88,174,148,50,1.94,1436,Strength,27.4,,2,3,12.32
45,Male,59.5,1.61,194,121,55,1.3,741,Cardio,24.5,2,4,3,21.71
58,Male,73.5,1.93,175,169,61,1.45,1019,HIIT,14,2.7,2,2,14.74
21,Male,54.7,1.56,191,157,55,1.13,682,\tCardio,25.2,1.5,4,2,
18,Female,52.1,1.73,183,135,74,1.4,1141,Cardio,23.9,3.1,3,1,12.32
59,Female,60.6,1.92,180,168,55,1.46,1046,,24.6,2,3,3,30.51
20,Female,104.3,1.79,197,158,72,1.3,933,Strength,23.4,3.2,2,3,16.4
39,Female,65.3,1.61,187,141,74,1.69,1783,HIIT,30.3,3.4,3,3,21.86
52,Male,47.8,1.79,168,144,68,0.95,715,Cardio,27.3,2.4,5,3,17.21
18,Female,51.1,1.83,180,130,57,1.05,939,Strength,17,3,3,2,16.85
34,Male,62.5,1.87,185,167,73,0.96,1353,Cardio,29.6,2.3,4,1,31.91
59,Female,57.4,1.56,190,156,72,1.15,813,Cardio,18.5,2.7,3,2,25.59
37,Male,108.7,1.55,163,122,68,1.19,1104,Strength,26.9,1.6,4,2,26.23
41,Female,40,1.6,164,143,73,1.52,727,Yoga,23.5,3.4,5,2,15.53
53,Female,65.2,1.72,196,152,50,1.87,1073,Cardio,24.8,3.7,,1,22.39
23,Male,90,1.58,172,164,60,0.78,682,Strength,25,3.2,4,1,12.32
28,Female,91.6,1.68,191,128,59,0.68,1783,Yoga,19.1,2.6,2,2,12.48
48,Female,84.1,1.69,187,136,56,1.68,758,Strength,22.2,2.3,3,3,16.11
43,Female,57.8,1.57,190,142,56,1.39,698,Strength,21.3,1.6,4,1,20.73
55,Female,100,1.63,183,155,74,2,1256,Cardio,10.5,2.4,3,2,12.32
30,Female,61.9,1.55,181,150,72,1.93,1117,HIIT,27.1,3.6,3,2,12.32
19,Male,58.6,1.64,187,135,66,1.18,1564,Yoga,10,3.4,3,2,21.91
21,Male,80.8,1.8,195,137,64,1.1,1285,Cardio,29.8,2.7,3,3,21.28
21,Female,42.7,1.81,166,139,71,1.42,1044,Cardio,26,3.2,3,3,12.32
29,Male,60.9,1.86,191,152,60,1.79,1108,Strength,31.5,1.5,4,3,42.08
40,Male,78.8,1.7,176,169,63,1.78,1179,Strength,21.1,1.9,2,1,17.55
37,Female,85.3,1.69,162,136,71,1.49,859,HIIT,22.8,3.4,4,2,19.95
47,Female,84.8,1.58,180,157,54,0.83,940,Cardio,26.3,1.9,5,2,17.99
50,Female,72.7,1.74,191,,67,0.77,1047,Cardio,15.5,3.5,3,3,12.32
43,Male,57.4,1.69,166,143,66,1.14,775,Strength,23.7,3.3,3,1,13.31
33,Male,40,1.81,189,157,71,1.32,1298,HIIT,20.1,3.4,2,3,16.68
33,Female,129.9,1.56,189,138,73,2,993,Strength,34,2.3,3,2,24.54
50,Male,55,1.5,177,120,69,1.07,715,Yoga,27.2,1.7,4,2,26.53
45,Male,,1.7,162,120,63,1.79,731,Yoga,31.7,,4,3,13.71
18,Male,41.6,1.94,168,153,57,0.86,1068,Strength,25,3.1,4,1,19.74
43,Male,56.9,1.68,161,154,61,2,742,Strength,26.5,2,3,1,21.48
20,Female,84.8,1.74,165,151,59,1.49,717,HIIT,24.9,3.4,4,3,14.13
24,Female,96.9,1.88,181,166,72,1.36,1220,Cardio,15.8,3.7,3,2,30.18
24,Male,81.2,1.56,182,166,66,1.62,1148,Yoga,25.5,2.7,4,3,31.34
53,Female,70.5,1.9,198,146,69,0.84,766,Cardio,31.9,2.9,5,1,16.4
38,Male,58.7,1.72,189,152,58,1.21,1063,HIIT,21.2,1.6,3,1,23.03
26,Male,62,1.65,199,142,56,1.61,1361,HIIT,35,3.5,2,3,13.96
18,Male,100.6,1.74,179,138,68,1.2,1261,Cardio,23.2,3.5,2,2,20.9
33,Female,63,1.71,189,126,57,1.24,1175,Strength,25.6,3.2,3,1,15.02
45,Male,52.7,1.82,172,129,69,0.62,1783,Yoga,22.9,3.2,3,1,24.95
29,Male,79.4,1.71,186,124,74,2,877,Yoga,29.6,1.5,3,2,27.97
18,,87.4,1.87,182,162,65,,1303,Strength,27.6,3.6,2,3,12.32
57,Female,57.6,1.86,169,120,73,1.99,929,HIIT,22.9,2.4,,2,14.02
37,Male,108.5,1.97,192,120,74,2,1091,Cardio,27.2,1.5,2,1,23.59
52,Female,75.7,1.61,,139,64,2,1783,Yoga,24.6,2.8,2,2,17.49
34,Female,73.9,1.75,192,165,74,1.64,816,Cardio,35,1.5,3,2,22.1
57,Male,67.9,1.78,187,163,59,2,1168,Yoga,23.9,3.7,3,2,
36,Male,72.8,1.63,184,130,68,1.44,669,HIIT,25.1,1.7,3,3,12.32
34,Female,57.6,1.7,167,141,68,0.88,710,Cardio,14.7,1.5,3,2,15.66
48,Female,49.3,1.74,179,142,74,1.31,723,HIIT,19.2,3.5,4,3,19.2
18,Male,41.6,1.85,181,169,52,2,1130,Yoga,14.5,3.4,5,3,12.32
33,Male,65.6,1.87,189,168,56,1.16,1437,Yoga,16.3,3.5,2,1,17.53
35,Female,47.5,1.81,,124,69,1.78,533,Yoga,26.4,3.2,3,2,26.59
19,,86.3,1.89,164,131,74,0.97,1175,HIIT,19.5,2.4,,2,28.62
43,Female,73.6,1.79,170,169,72,1.16,1408,Strength,17.4,1.5,4,1,14.69
48,,40,2,194,159,70,1.48,419,Cardio,13.5,2.5,4,2,21.29
49,Female,56,1.6,183,169,66,0.98,1263,Strength,27.9,1.7,5,1,20.47
48,Female,40,1.66,189,120,74,1.36,614,Cardio,14.8,2.1,3,1,12.32
44,Female,88.2,1.88,192,169,51,2,1783,HIIT,28.5,1.9,4,2,12.32
27,Female,55.8,1.67,192,167,74,2,642,Yoga,28.8,3.4,3,2,28.68
41,Male,73.2,1.75,190,137,58,1.24,1048,Strength,30.4,3.4,2,3,23.65
44,Male,40,1.72,179,124,74,0.85,1043,Cardio,22.8,2.1,5,3,20.78
54,Male,58.5,1.96,185,133,60,2,1131,Yoga,13.1,2.5,3,1,18.11
45,Female,57.5,1.55,190,123,54,1.33,893,HIIT,28.8,3.3,3,1,17.65
24,Female,55.6,1.73,175,120,71,1.09,775,Yoga,17.2,3,4,2,22.74
55,Female,,1.83,194,162,72,1.99,1374,HIIT,27.6,2,3,1,17.74
32,Female,42.4,1.79,176,135,56,1.63,843,Yoga,27.1,1.5,2,2,18.17
18,,40,1.68,163,137,61,1.1,1470,Cardio,31.7,1.7,4,3,19.34
33,Female,77,1.69,191,154,58,1.16,1187,Cardio,29.1,3.2,4,2,12.32
28,Female,74.7,1.69,163,158,58,1.37,854,HIIT,14,3.4,4,2,13.79
59,Male,65.1,1.68,161,144,62,2,1050,Strength,26.1,2,5,3,23.59
21,Female,40,1.8,176,122,73,1.37,1171,HIIT,10,3.7,3,1,19.84
23,Male,64.3,1.58,160,123,62,1.02,1360,Strength,22,3.4,4,1,19.45
20,Female,43.6,1.6,165,141,60,1.37,1783,Strength,16.9,1.5,4,1,15.52
21,Male,100.4,1.62,188,128,73,1.4,614,Strength,29.3,3.3,2,1,33.21
48,Female,73.8,1.88,191,151,59,1.88,1783,Cardio,19.2,2,4,1,12.32
23,Male,52.3,1.74,184,122,65,1.38,915,Yoga,10,3.5,4,1,18.17
51,Male,57.3,1.71,188,169,50,1.09,1375,Strength,28.1,3.6,2,3,19.69
30,Male,70.7,1.64,196,136,,1.38,1608,Cardio,13,1.6,5,2,20.83
20,Male,92.8,2,195,154,58,1.44,676,Yoga,24.3,1.5,4,2,16.6
18,Male,56.2,1.75,164,127,57,1.45,952,Strength,29.6,3.5,4,3,17.29
24,Female,65.3,1.74,178,168,63,1.12,984,HIIT,25.6,3.3,4,2,19.87
37,Male,60.2,1.76,194,169,72,1.7,1114,Yoga,31.4,1.8,4,2,32.81
54,Female,56.6,1.67,199,123,60,1.09,962,Strength,25,3.1,5,2,12.32
30,Female,40,1.83,188,137,71,1.47,1783,,26.9,3.6,5,3,20.31
21,,105.4,1.77,188,169,72,1.45,999,Strength,22.5,3.7,3,3,25.09
34,Male,63.8,1.8,192,129,54,1.92,1229,Cardio,13.8,3.1,4,2,14.24
42,Female,58.4,1.7,164,156,50,1.43,1427,Strength,23.6,2.5,,1,16.68
43,Female,43.9,1.82,173,164,72,1.61,567,HIIT,16.3,3.2,3,1,19.29
24,Male,46,1.71,\n175,126,59,1.18,1725,Strength,26.1,1.5,2,1,15.44
37,Female,58,1.89,\t182,163,72,1.39,1156,Yoga,26,3.4,5,2,23.79
55,Female,91.1,1.85,190,149,74,1.49,649,Strength,31.8,3,3,1,29.5
43,Female,40,1.55,172,159,59,1.28,1480,Yoga,19.9,3,3,3,21.42
59,Male,40,,185,132,50,1.32,1266,HIIT,22.7,2.3,4,3,12.32
49,Female,40,1.89,192,168,50,1.51,837,Strength,29.4,3.5,3,1,16.63
27,Female,96.8,1.73,174,136,71,1.91,887,Strength,31.7,2.6,3,2,19.05
18,Male,80.5,,196,159,55,2,816,Yoga,25.2,2.3,2,1,22.13
36,Male,69,1.76,191,153,73,1.01,1276,,16.7,2.9,4,1,13.89
20,Male,43.5,1.52,189,146,63,2,1213,Strength,24.3,2.5,4,2,25.35
55,Male,54.2,1.62,197,127,56,1.18,335,Strength,28.3,2.4,2,1,20.94
34,Male,59.8,1.77,186,151,55,0.97,792,Yoga,23,2.1,3,2,24.41
18,Female,52.2,1.75,171,165,72,1.45,570,Strength,26.1,3.4,4,1,12.48
40,Male,45.4,1.84,167,156,50,1.13,771,Cardio,11.5,3.5,4,2,12.32
28,Female,62.1,1.68,191,130,74,0.85,1098,Strength,13.9,2.8,4,2,28.14
26,Male,72.8,1.57,196,138,61,1.04,1382,Strength,29.8,3.4,2,3,16.61
27,Female,73.5,1.92,168,155,50,1.18,1048,Strength,14.2,3.4,5,2,18.37
22,Male,78.4,1.66,182,168,70,1.67,495,Strength,10,2.5,3,,19.29
51,Female,87.1,1.77,185,126,60,1.46,990,Cardio,21.1,3.4,2,1,12.9
45,Male,76.3,1.67,177,168,50,1.41,1013,Cardio,11.6,3.1,3,3,14.42
33,Female,75.5,1.85,181,147,59,1.22,1267,HIIT,21.8,2.8,3,2,18.19
44,Female,49.3,1.55,193,168,72,1.48,918,Cardio,21.5,3.6,5,1,21.77
56,Female,92,1.86,184,167,71,1.56,999,Cardio,24.2,2.1,5,3,31.52
35,Male,44,1.59,168,144,54,1.39,1040,,29,3.4,2,2,27.49
46,Male,92.6,1.76,197,144,74,0.96,1291,HIIT,13.8,3.3,2,2,12.37
59,,50.2,1.6,174,169,55,1.33,,Strength,,1.5,4,2,13.4
23,Male,83,1.74,160,120,72,1.35,1628,Yoga,21,3.3,5,2,15.13
21,Female,78.5,1.8,179,169,59,1.64,683,Yoga,23.9,2.7,4,1,22.33
56,Female,56.2,1.69,198,155,74,1.64,1486,Cardio,24.4,1.8,2,1,21.59
58,Male,87.4,1.64,188,148,57,0.56,1249,Strength,10,3.5,3,3,16.94
26,Male,92.2,1.59,176,143,55,1.57,1050,Strength,24.5,2.4,4,2,23
18,Male,83.1,1.94,188,153,56,1.41,1180,Yoga,24.4,3.3,3,2,17.84
36,Female,47.1,1.72,194,145,50,,843,Strength,21.8,1.9,3,1,17.46
18,Male,53.1,1.7,181,169,73,1.01,1740,Strength,23.8,2.3,4,1,
53,Female,76.2,1.67,185,142,68,1.55,804,HIIT,25.5,3.4,3,1,18.46
46,Female,48.4,1.82,163,163,68,1.51,1221,HIIT,19.2,3.7,5,2,12.32
24,Female,47.3,1.92,189,155,74,1.4,505,HIIT,29.5,3.4,5,2,12.34
46,Male,91.8,,191,152,71,1.32,927,Cardio,26.8,1.8,3,1,23.11
31,Female,71.4,1.68,180,143,68,1.37,606,Yoga,23.8,3.2,2,2,21.59
24,Male,103.6,1.88,175,154,60,1.55,436,Yoga,20.9,3.2,3,1,13.85
35,Female,81,1.78,196,151,67,2,1246,HIIT,10,3.3,3,1,19.74
55,Female,94.9,1.52,196,120,73,2,1309,HIIT,27.9,1.5,2,,12.32
21,Female,80,1.67,167,169,57,0.94,899,\nStrength,29.8,3.1,3,2,17.15
29,Female,40,1.77,191,169,58,1.2,613,Strength,22.2,2.2,4,2,29.56
35,Male,69.5,1.68,172,155,59,1.78,1350,HIIT,23.6,1.6,3,,16.62
37,Male,48.3,1.81,167,134,69,1.97,1276,Yoga,26.1,1.8,3,2,20.81
18,Male,44.8,1.67,193,137,61,1.3,719,Yoga,21.6,2.3,4,1,12.32
54,Male,68.9,1.78,187,155,60,1.42,913,,30.7,3.4,3,1,17.82
44,Female,63.6,1.77,161,169,50,1.57,1283,Cardio,17.8,2.1,3,,17.92
27,Female,40,1.72,178,132,72,0.83,857,Cardio,27.3,3.2,4,2,17.8
35,Female,66.7,1.72,171,153,65,1.15,776,HIIT,18.7,2.5,4,1,22.98
44,Male,47.3,1.72,198,164,70,1.46,1103,Strength,26.7,1.5,4,,23.85
39,Female,70.3,1.74,170,152,59,2,864,Cardio,20.4,1.5,3,2,17.03
49,Female,74.7,1.81,176,132,,1.81,758,Yoga,23.9,1.7,3,2,14.58
26,Male,57.8,1.61,162,135,65,1.91,684,Yoga,18.2,3.7,3,1,12.32
18,Male,40,1.72,193,138,74,1.41,726,Yoga,28,3.7,2,3,32.62
33,Male,79.8,1.53,172,148,72,1.98,1132,Yoga,14.7,1.7,3,2,16.6
18,,75.8,1.99,191,167,71,1.53,850,HIIT,10,3.5,4,1,15.4
47,Female,74.7,1.77,195,130,68,1.93,1056,HIIT,22.1,3.4,4,2,24.44
40,Female,83.6,1.84,175,137,,1.46,1481,Cardio,23,2.5,5,1,20.2
38,Male,101.8,1.51,163,169,72,1.42,1384,Strength,25.6,3.3,4,1,20.89
25,Female,56.8,,191,150,61,2,1183,Strength,24.3,1.7,3,1,19.28
42,Female,86.7,1.7,196,135,68,1.22,923,Strength,27.2,3.2,3,2,17.49
18,Male,40.9,1.87,160,140,50,1.28,1261,HIIT,17.1,2.1,4,2,39.61
28,Male,87.3,1.51,190,168,56,2,1306,Yoga,32,2.3,4,2,14.46
26,Male,89.2,1.81,161,169,61,1.34,820,Strength,23.5,2.6,4,1,27.63
23,Male,75.9,1.81,196,125,55,1.4,1177,HIIT,30,,3,2,12.32
30,Male,100.1,1.76,170,160,55,1.43,1694,HIIT,25.9,1.8,3,2,15.73
18,Female,80.8,1.85,188,141,74,1.19,838,Yoga,12.1,3.5,2,1,14.81
58,Female,68.6,1.72,164,155,72,1.23,797,Yoga,27.2,2.5,2,1,12.32
46,Female,45.7,1.96,168,137,64,1.38,1303,Strength,29.8,3.3,2,2,22.82
19,Female,55.2,1.71,172,136,74,1.93,670,Yoga,10,3.1,4,1,20.85
31,Female,91.7,1.74,172,166,56,1.28,892,Yoga,19.8,3.1,4,3,12.32
47,Male,78.7,1.69,170,144,57,1,845,Yoga,24.5,1.9,4,1,22
28,Female,40,1.57,165,169,68,1.04,669,Cardio,30.2,2.6,2,2,15.05
22,Male,47.1,1.87,165,132,68,0.72,674,Strength,31.7,3.2,2,2,34.98
23,Male,85.1,1.79,194,138,55,1.16,829,Strength,23.7,2.6,4,2,19.2
48,Female,87.9,1.5,180,164,68,1.41,974,Yoga,22.1,2.6,4,1,13.04
24,Female,74.2,1.58,177,140,71,1.28,780,Strength,23.6,1.9,4,2,30.92
33,Male,,1.8,160,155,74,1.26,906,Yoga,23.9,3.2,4,1,18.21
22,Male,49.6,1.87,190,137,54,1.6,1326,HIIT,30.5,1.9,5,1,14.25
18,Male,63.9,1.86,161,147,51,1.83,1178,Strength,24,3.3,2,1,24.05
43,Male,75,1.8,170,141,61,1.09,790,Yoga,32.8,2.4,3,2,
54,Male,69.8,1.75,170,131,72,1.29,954,Strength,32,3.2,2,1,21.66
42,Female,40.5,1.64,196,137,59,1.12,1150,Yoga,13.4,3.7,5,2,12.32
18,Female,43.8,1.96,193,142,50,1.03,1590,Strength,29.7,3.6,2,3,21.88
24,Female,45.7,1.63,199,144,71,0.94,1137,Yoga,19.6,1.8,2,3,12.32
43,Male,40,1.73,161,146,69,,1359,Cardio,21.3,2.5,2,3,12.61
25,Male,40.8,1.69,194,145,54,1.65,1353,HIIT,24.4,2.5,4,1,22.31
59,Male,82,1.51,185,121,70,1.82,625,Strength,28.5,2.2,4,3,24.72
29,Female,60.9,1.92,192,151,67,1.5,1407,Cardio,18,3.5,5,1,43.3
27,Male,55,1.68,169,136,64,1.07,1389,Cardio,24.6,2.1,4,2,18.54
23,Female,59,1.62,193,162,56,,670,Cardio,17.6,1.6,5,1,17.71
34,Female,80,2,173,125,56,1.82,773,Strength,22.3,2.8,4,2,14.62
24,Male,44.3,1.65,189,129,56,1.9,972,Yoga,27.8,3.3,2,1,15.86
24,Male,63.6,1.74,199,135,61,1.31,486,HIIT,26.1,2.2,2,3,25.85
29,Female,50.2,1.89,197,125,51,1.46,1286,Strength,27.6,3.3,2,3,15.27
58,Male,43.6,1.67,176,142,74,1.13,1089,HIIT,26.7,3.4,4,2,28.29
38,Male,60.5,1.72,187,139,50,1.34,1096,Yoga,20.9,3.7,4,2,25.58
34,Male,92.4,1.79,,128,52,0.52,724,Cardio,25.3,3.1,5,3,12.85
39,Female,76.7,1.86,193,122,65,1.29,1770,\tYoga,23.1,3.2,3,1,17.75
38,Male,,1.7,181,144,56,1.47,574,HIIT,26.3,2.6,4,1,14.96
18,Male,71.9,1.88,177,159,57,2,1571,Yoga,10,2.4,3,2,15.96
25,Female,59.2,1.84,168,160,51,1.53,1476,Yoga,25.1,3.7,4,2,13.81
27,Male,57.4,1.89,193,128,51,0.92,1121,Yoga,22.4,3.5,4,2,16
33,Male,69.5,1.75,178,131,74,1.51,1651,Strength,32.4,1.6,3,3,21.58
23,Male,47.4,1.96,161,142,65,1.18,441,Cardio,18.7,1.6,3,1,21.34
33,Male,76.5,1.75,198,139,57,1.22,984,Strength,12.5,3.4,3,1,32.82
18,Female,53.5,1.68,198,134,74,1.9,368,HIIT,28.1,3.1,5,2,23.57
25,Female,83.1,1.72,182,167,67,0.89,771,Strength,23.8,2.3,4,1,12.32
47,Female,70.4,1.93,177,153,74,1.28,846,Strength,23.5,1.6,3,2,12.32
39,Female,50.3,1.94,164,160,66,0.58,992,Cardio,10,2.9,4,1,14.72
28,Female,65.3,1.68,161,145,73,0.72,408,HIIT,32.4,1.7,5,,25.26
20,Male,66.2,1.85,196,120,58,0.84,420,HIIT,24.9,1.5,4,1,12.32
19,Female,51.4,1.84,169,152,58,1.14,1175,\tCardio,20.9,3.5,5,3,16.95
58,Female,78.3,1.52,176,123,74,1.49,1063,Cardio,30.5,3.4,3,2,25.33
31,Female,79.4,1.56,171,126,69,1.42,963,Cardio,21.3,3.1,3,3,26.3
25,Male,72.5,1.78,177,142,67,1.99,1047,HIIT,27.4,3,4,3,12.32
21,Male,92.1,1.77,175,167,74,1.66,737,Cardio,25.3,3.3,4,2,17.16
55,Female,72.6,1.55,191,137,50,2,1084,Cardio,24.1,2.5,3,2,19.76
40,Male,76.7,1.68,177,133,57,0.89,984,Cardio,27.3,3.1,2,3,23.76
39,Male,91,1.73,165,169,72,1.49,813,Strength,23.3,3.4,2,3,22.08
26,Female,78.3,1.58,184,141,68,1.5,1436,Yoga,15,3.7,3,1,28.61
26,Female,54.2,1.64,190,151,65,0.82,1184,Yoga,16.7,3.3,2,1,19.39
42,Male,108.5,1.85,,167,74,1.39,801,Cardio,29,3,2,3,15.62
18,Male,83.2,1.62,169,156,57,1.37,871,Cardio,10,2.5,4,,18.69
19,Female,64.8,1.6,189,149,59,0.5,880,\tYoga,22.3,1.9,4,2,21.61
25,Female,45.5,1.58,182,136,69,2,1137,Yoga,17.4,1.7,2,2,15.04
42,Female,59,1.89,175,142,63,1.25,1092,HIIT,27.7,3.5,5,1,17.68
43,Female,89.2,1.73,163,135,67,1.51,1367,Yoga,14.5,3.5,3,1,25.4
47,Female,108.3,1.67,176,169,69,1.07,1204,Yoga,27.6,3.7,2,2,13.44
30,Male,87.9,1.62,178,138,65,1.68,1205,Yoga,20.9,2.6,4,,34.99
48,Female,45.9,1.94,169,141,74,1.13,1507,Cardio,29.1,3.2,5,2,12.32
18,Male,107,1.75,177,155,71,2,645,Strength,27,3.2,5,2,27.94
39,Male,40.7,1.84,197,145,55,1.48,1128,Strength,25.3,1.5,4,1,22.28
18,Male,65.3,1.6,177,153,74,0.96,,Yoga,23.6,2.4,4,1,18.84
50,Female,88.5,2,181,146,72,1.33,1088,Cardio,11.9,2.3,4,1,17.26
27,Female,62.5,1.67,186,129,65,1.2,1783,Strength,23.2,1.5,3,2,26.22
43,Female,79,1.73,186,158,55,1.2,1146,Cardio,25.2,3.6,4,2,19.64
27,Female,40,1.85,177,156,65,1.58,1014,Cardio,24,3.7,5,3,22.49
19,Male,51.8,1.6,176,159,72,1.14,574,Cardio,25.3,2,4,2,16.69
38,Female,89.3,1.58,184,135,58,1.58,995,HIIT,24,2.9,4,3,19.02
27,,80,1.86,177,153,74,0.9,886,Strength,25.1,1.6,2,1,19.41
33,Male,40,1.75,185,125,54,2,870,Yoga,18.7,1.8,3,1,17.77
50,Female,102.6,1.62,198,138,66,1.48,1149,HIIT,10,2.7,5,2,18.48
18,Male,69.2,1.62,164,167,62,1.5,1721,HIIT,25,2.3,5,1,33.3
19,Male,75.3,1.67,166,130,58,1.22,928,HIIT,27.4,3.2,3,2,23.17
45,Male,45.9,1.51,195,142,57,1.64,303,Cardio,29.8,2.7,3,1,12.32
59,Male,66.9,1.57,178,120,71,1.44,1153,Yoga,27.5,3.3,2,2,20.4
42,Female,50.3,1.69,199,159,69,0.95,1293,Yoga,14.8,3.2,3,2,
32,Male,68.7,1.77,186,,63,1.85,1118,Yoga,28.5,3.5,3,2,17.39
37,Male,44.2,1.5,194,154,74,1.11,612,Cardio,24,3.5,2,2,20.62
18,Female,46,1.79,177,140,68,2,1386,Cardio,23.6,3.2,3,2,18
18,Male,74.8,1.76,186,134,68,0.5,1783,Cardio,21.8,3.5,4,3,23.47
54,Male,46.3,1.62,161,138,60,1.03,1175,HIIT,32.2,2.5,4,2,19.44
24,Male,87.1,1.9,196,122,51,1.42,1153,Yoga,27.6,3.3,3,1,36.55
43,Female,40,1.89,169,134,54,0.57,1267,HIIT,21.4,1.5,4,2,12.32
18,Female,49.3,1.71,162,160,52,1.23,375,Yoga,29.4,3.4,5,,14.06
18,Female,67.9,1.81,194,137,73,1.19,1405,Cardio,33.8,3.2,2,1,12.32
33,Male,49.7,1.82,179,169,71,1.55,968,Cardio,32.2,3.6,4,3,21.87
49,Male,88.4,1.75,192,145,74,1.27,493,Yoga,23.5,2.2,3,1,12.42
48,Male,45.8,,167,135,53,1.28,1239,Strength,24.5,1.6,4,,19.27
19,Male,129.9,1.82,182,158,70,1.44,1155,Cardio,20.2,3.6,,1,17.37
35,Male,40.3,1.79,183,120,68,1.24,1420,Strength,14.5,1.7,5,1,13.37
34,Male,72.1,1.78,167,163,58,0.84,536,HIIT,12.1,2.9,3,2,12.32
50,Female,103.8,1.54,185,169,56,2,766,HIIT,27.3,3.1,3,1,12.32
18,Male,41,1.97,189,149,63,1.64,596,Strength,,1.8,2,2,12.32
36,Female,85.1,1.73,194,156,74,1.41,1024,Cardio,28.9,3.5,4,3,13.22
18,Male,81,1.64,175,169,74,1.99,878,Yoga,21.7,1.5,2,3,13.42
47,Female,74.1,1.87,168,123,70,0.95,1030,Yoga,14.8,1.5,3,1,21.54
32,,72.1,1.71,173,156,72,1.61,606,HIIT,12,2.7,2,2,17.91
45,Female,47.9,1.71,194,169,70,0.78,772,HIIT,23.5,2.8,3,2,20.37
25,Male,113.3,1.75,187,155,74,1.44,564,Strength,22.1,1.6,3,2,21.36
23,Male,56.8,1.83,197,152,56,1.22,1193,Cardio,23.2,1.6,4,2,
23,Female,78.2,1.9,180,131,55,0.85,888,Strength,16.2,2.3,3,1,29.89
25,Male,40,1.68,175,123,66,0.74,1783,Strength,27.9,3.5,3,3,14.27
59,Male,40,1.78,179,139,59,1.16,483,HIIT,19.7,3.7,,1,19.22
23,Female,69.2,1.73,180,165,70,2,765,HIIT,23.3,1.8,4,2,21.96
48,Female,91.3,1.58,175,152,72,1.25,1576,Yoga,28.9,3.4,2,2,19.62
46,Male,68.2,1.88,172,167,70,1.41,723,Strength,17.2,2.6,5,1,32.75
18,Female,45.1,1.86,182,169,64,0.92,1482,Strength,25.5,3.7,2,3,18.99
20,Male,70.5,1.65,179,144,74,0.6,1151,Yoga,15.5,3.5,2,2,12.32
18,Female,54.2,1.68,199,137,74,1.67,972,HIIT,14.1,3.4,2,,15.66
18,Female,83.6,1.86,170,162,74,0.83,732,HIIT,22.7,2.8,2,3,24.77
37,Female,58,1.6,168,143,52,1.28,834,Strength,21,3.6,4,2,22.2
27,Female,45.6,,177,146,74,2,1108,Yoga,18,2.9,4,2,26.74
52,Female,40,1.91,194,151,59,1.96,535,HIIT,23.4,1.5,4,2,23.62
30,Female,40,1.62,166,164,73,1.23,1046,Yoga,25.2,3.7,5,3,14.53
23,Female,83.5,1.5,194,142,63,2,767,Yoga,25.8,2.9,4,2,12.32
22,Female,81.9,1.8,163,146,74,1.15,971,HIIT,22.4,2.5,5,,28.26
40,Male,45.2,1.74,180,136,74,1.08,1058,\tYoga,26,3.3,,3,18.36
49,Male,60.2,1.62,162,155,72,1.11,1105,\nStrength,23.4,3.1,3,1,16.85
51,,47.3,1.74,194,148,55,2,1259,Strength,28.8,3.1,3,1,24.75
28,Male,69.3,1.61,187,140,53,1.12,998,HIIT,17.6,2.8,,3,32.49
33,Female,40,1.79,189,144,67,2,1285,HIIT,27.2,2.6,3,2,15.69
48,Male,87.3,2,190,159,61,1.97,897,Yoga,10.7,3.5,5,3,18.2
49,Male,40,1.77,175,127,73,1.2,1109,Yoga,24.7,2.4,3,3,25.41
26,Female,55.4,2,,124,62,1.22,1292,HIIT,26.8,2.4,3,2,19.35
18,Male,50.9,1.73,170,137,58,1.43,804,Strength,23.5,3.7,2,2,17.61
55,Female,59.9,1.53,178,157,54,1.23,1044,HIIT,26.9,3.4,4,1,31.33
44,Male,66.8,1.97,194,126,65,1.66,1382,HIIT,18.5,1.6,4,2,23.14
50,Male,97,1.65,191,133,70,1.43,1256,Cardio,27.1,1.5,5,,27.51
37,Male,75.8,1.63,192,131,64,0.98,921,Strength,26.5,1.5,4,1,14
21,Female,51.6,1.5,175,149,66,2,863,Yoga,25.2,2,3,1,24.7
27,Female,55.4,1.88,187,134,53,2,855,Strength,16.3,2.6,5,1,14.33
23,Male,72.9,1.51,190,164,57,1.29,925,Strength,22.3,1.5,2,1,40.08
30,Female,80.2,1.91,192,135,62,1.47,1461,Strength,16.5,3.7,2,3,28.49
,Male,97.2,1.73,175,165,72,1.15,707,Strength,14.3,1.5,,2,16.19
45,Male,121.2,1.67,186,133,55,2,466,Cardio,16.7,3.4,4,1,30.69
36,Female,100.2,1.93,199,166,60,0.98,1076,HIIT,24.6,2.7,4,2,16.49
54,Male,56.4,1.55,186,135,74,1.73,,Yoga,19.7,2.6,3,1,20.19
45,Male,84.1,1.71,161,169,56,1.38,480,Yoga,22.4,3.4,3,3,38.83
51,Male,52,1.92,173,164,74,1.31,706,Cardio,25.7,1.5,2,1,14.05
25,Male,70.7,1.7,165,160,53,0.99,808,HIIT,23.5,2.1,3,1,18.29
52,Female,50.8,1.8,199,159,63,1.51,1153,HIIT,24.9,2.4,4,2,16.16
28,,48.7,1.6,175,133,59,1.38,996,HIIT,23.5,1.5,2,2,21.98
24,,51.3,1.69,174,153,74,1.18,828,Yoga,16.1,2.6,3,2,21.88
42,Female,77,1.63,185,136,68,1.07,1029,Cardio,29.2,1.5,5,1,15.93
31,Female,50.1,1.69,185,169,64,1.68,1001,Strength,27.4,1.6,4,1,22.3
45,Female,99.3,1.93,182,137,50,1.23,686,Strength,,2.4,3,3,33.26
18,Male,89.2,1.88,189,167,58,2,1126,Cardio,29.7,3.5,4,2,13.63
18,Female,70.8,1.96,196,130,61,1.46,708,,25.2,2.2,3,2,12.32
50,Male,59.1,1.74,181,156,51,1.01,985,Yoga,30.1,3.5,2,3,24.07
46,Female,67.5,1.76,160,150,74,1.43,577,Yoga,20,2.6,4,2,17.39
46,Male,91.4,1.71,183,136,58,0.93,,Cardio,30.8,3.4,4,1,
27,Female,41.4,1.69,191,169,56,1.99,647,Yoga,23.2,2.8,5,2,16.26
24,Female,80,1.59,198,125,70,1.68,1263,,15.3,3.6,3,2,14.62
24,Male,95.5,1.57,181,158,67,1.47,1609,Cardio,32.5,2,4,2,26.3
18,Male,66.9,1.76,163,169,55,1.15,1018,Yoga,24.2,3,3,1,16.52
18,Male,82.8,1.5,197,134,74,1.79,1009,Cardio,30.5,3.3,3,3,19.41
26,Male,79.7,1.64,194,148,55,2,1462,Yoga,21.8,3.2,4,2,26.9
18,Female,80.4,1.79,171,169,74,1.43,,HIIT,16.3,3.6,3,2,15.03
33,Female,71.8,1.51,190,167,59,1.84,1321,HIIT,26.6,3.2,4,3,12.97
35,Male,73.4,1.57,169,138,67,1.14,977,Strength,32.4,3,4,3,25.05
54,Female,45.8,1.62,163,135,66,1.26,1703,Strength,15.2,1.6,4,2,17.99
44,Female,106.8,1.65,171,143,71,1.54,1295,Cardio,17.1,3.5,3,3,25.4
19,Male,59.8,1.7,181,120,73,1.54,1130,Cardio,29.6,3.5,3,1,22.56
45,Female,88.4,1.5,181,132,66,2,,Cardio,23,2.4,3,1,28.39
44,Male,52.5,1.65,174,169,51,1.95,1783,Cardio,29.4,2,2,1,16.41
58,Male,56.5,1.76,180,139,74,2,1396,Yoga,24.1,3.4,2,2,28.26
18,Male,49.9,1.74,177,161,70,2,950,HIIT,23,3.4,4,2,17.53
30,,62.3,1.82,174,160,64,1.23,1080,Cardio,15.9,2.5,3,3,22.26
18,Female,76.1,1.64,196,169,63,1.43,686,Cardio,34.8,1.5,3,3,33.24
18,Female,40,1.74,160,145,74,0.53,907,Strength,24.8,3.6,,3,24.44
18,Male,91.1,1.7,,137,68,1.03,826,Cardio,33.7,3.5,2,2,18.24
28,Female,67.1,1.9,184,169,59,1.61,587,Yoga,20.8,2.7,3,1,12.32
18,Female,53.9,1.69,187,169,56,1.34,752,Yoga,13.6,3.3,3,2,15.23
34,Female,79.3,1.65,181,149,64,1.4,501,HIIT,12,2.3,2,1,24.84
18,Female,40,1.88,165,145,71,1.59,1121,\nStrength,22.6,3.4,2,1,14.1
35,Male,75.7,1.74,189,136,74,1.7,854,HIIT,24,1.5,2,2,12.47
29,Male,82.5,1.79,190,132,69,0.9,664,Yoga,10,2.3,2,1,34.85
19,Male,40,1.84,199,123,74,1.34,904,,30.2,3.1,3,1,16.34
20,Female,73,1.59,175,165,70,0.96,869,,30.1,3,5,1,15.01
23,Female,56.5,1.97,169,151,56,2,1380,Strength,28.6,2.6,3,2,13.2
33,Male,78.7,1.61,193,137,55,0.93,1668,Strength,24.5,2.3,,2,19.47
27,Male,75.4,1.58,192,169,63,1.3,1386,Strength,16.9,3.6,3,1,15.63
48,Male,59.6,1.78,181,152,53,1.65,1741,Strength,23.2,3.3,4,1,12.32
29,Female,57.2,1.84,168,141,74,1.56,303,Yoga,16.8,2.4,5,3,29.68
39,Female,74.3,1.63,178,169,57,1.35,1376,Yoga,25.9,3.2,3,3,20.29
46,Male,64.4,1.82,186,121,72,1.96,582,Cardio,26.2,,3,3,28.07
42,Male,,,182,140,60,2,786,HIIT,27.5,1.5,2,1,22.4
54,Male,63.8,1.92,188,131,57,0.98,1117,HIIT,20.7,1.6,5,2,26.75
21,Female,45.1,1.87,192,138,69,1.89,1071,,25.8,2.3,5,2,19.64
27,Male,63.7,1.86,183,,70,0.91,759,Strength,24.5,3.5,3,3,18.88
30,Female,,1.81,179,144,50,1.52,1144,HIIT,22,1.5,2,2,14.43
58,,59,1.78,166,144,74,1.47,1152,Strength,28.9,3.4,5,2,22.67
20,Male,57.1,1.66,168,146,74,1.17,1040,Cardio,24.6,3.5,2,2,17.57
43,Male,68.8,1.79,188,122,73,1.56,350,HIIT,23.4,1.5,4,1,14.27
26,Female,62.9,1.69,192,139,69,1.77,,Strength,28.8,3.4,4,2,12.32
55,Female,98.6,1.6,197,167,74,1.16,802,HIIT,22.1,2.9,4,2,14.29
25,Female,102.8,2,166,131,73,1.28,1783,Cardio,27.1,3.2,,1,14.05
36,Male,45.8,1.59,177,126,74,0.92,1221,Strength,32.9,3,3,3,30.03
53,Female,47.5,1.66,166,156,55,1.1,1766,HIIT,22.5,1.6,3,1,32.14
52,Male,88,1.87,180,128,74,1.44,1058,Strength,32.2,1.7,4,2,27.54
43,Male,76.3,1.66,188,164,58,0.84,606,Strength,25.7,1.8,3,1,28.19
31,Female,85.9,1.7,162,143,56,2,1455,Yoga,28,3.3,3,3,12.78
28,Male,93.7,1.77,192,142,57,1.45,1230,Cardio,14.8,3.6,2,2,23.62
26,Male,83.6,1.79,171,128,72,0.7,1247,Strength,25.4,3.2,3,1,27.91
38,Male,101.4,2,190,169,63,,1772,Cardio,20.7,2.6,4,1,38.99
36,,77.6,1.6,183,165,72,0.66,1208,Cardio,25.6,1.7,3,1,12.44
28,,44.7,1.68,166,160,62,0.99,1672,Yoga,28.6,1.5,2,3,17.59
40,Male,79.9,1.51,175,169,64,1.44,1277,Yoga,26.2,1.5,5,3,14.09
45,Female,70.2,1.82,167,139,67,1.32,953,Strength,10,1.5,4,2,13.6
40,Female,44.2,1.7,161,160,64,1.71,979,Yoga,23.7,3.4,3,2,24.1
49,Male,90.6,1.78,181,130,63,1.27,1002,Strength,28.2,2.3,3,2,15.66
40,Female,56.8,1.54,166,167,71,1.06,1225,Yoga,27.6,1.7,4,1,12.32
51,Female,48.7,1.5,168,140,58,0.93,1108,Cardio,27.3,3.2,2,2,12.32
41,Female,72.3,1.66,165,142,74,1.4,758,Cardio,25.6,3.6,4,1,23.85
43,Female,68,1.78,183,120,58,2,1030,HIIT,22.8,1.5,4,2,17.25
44,Male,46.7,1.81,191,132,58,1.45,1113,Cardio,10,3.5,4,3,23.21
30,Male,59.4,1.87,190,122,50,1.77,1337,Yoga,25.5,2.8,4,1,23.2
18,Female,75.9,1.7,183,151,51,1.01,1289,HIIT,30.1,3.2,2,1,24.94
47,Female,45.1,1.73,193,152,57,1.25,918,,29.7,2.8,3,3,14.58
25,Female,64.6,1.51,194,127,55,1.4,1155,Cardio,26.9,3.5,2,3,17.74
18,Female,68.7,1.6,163,135,61,1.05,367,Yoga,23.1,3.6,3,,33.26
45,Female,61.1,1.74,171,164,69,1.16,1019,Yoga,19.6,2.8,3,1,16.37
47,Female,70.1,1.71,199,139,74,1.15,1238,Cardio,25.1,2.5,4,1,19.95
28,Male,50.3,1.81,176,156,70,1.46,1143,Strength,31.8,1.9,3,1,26.47
18,Female,66.8,1.62,161,169,74,1.57,1410,HIIT,30.2,3.3,,,22.63
28,Male,59.9,1.7,169,163,65,1.26,1474,Yoga,11.7,2.9,4,1,33.85
41,Male,52.8,1.68,192,132,59,1.47,1709,Cardio,29.6,3.5,4,1,12.32
51,Female,62.7,1.73,198,140,50,1.98,1656,Strength,18.2,3.6,4,2,33.87
34,Male,76.4,1.84,164,161,69,1.2,978,Cardio,17,3,3,1,21.69
52,Male,54.7,1.93,193,135,62,2,416,Cardio,31.9,3.2,2,2,34.32
18,Female,49,1.72,190,153,60,0.72,862,HIIT,24.4,2.8,4,3,17.26
30,Male,46.3,1.59,166,133,54,1.33,1001,Strength,23.8,2.2,2,2,17.74
35,Female,68.2,1.7,178,137,52,2,1181,HIIT,23.5,3.3,3,2,31.92
36,Female,85.1,1.67,184,131,53,1.03,608,Yoga,19.7,2.1,4,2,20.8
,Female,59.8,2,188,144,70,2,1337,HIIT,32.9,3.1,3,1,14.17
56,Female,63.7,1.74,161,158,65,1.94,1297,Yoga,28.6,3.2,3,3,14.53
34,Male,40,1.68,183,167,64,1.45,1642,Yoga,28.2,2.3,3,2,17.03
56,Male,64.7,1.78,199,129,62,1.1,941,HIIT,11.5,2.4,3,2,13.72
28,Male,56.5,1.73,198,136,74,1.23,991,Strength,14.5,3.6,5,1,13.82
18,Male,56.9,1.74,180,149,59,0.89,1441,Cardio,22,3.2,2,2,19.82
18,Male,115.8,1.68,177,150,74,1.11,629,Strength,24.2,3.6,5,2,20.56
45,Male,46,1.76,165,135,69,1.05,1121,Yoga,24,1.5,5,2,28.92
47,Female,46.9,1.91,162,145,53,1.17,733,HIIT,23.8,1.5,3,2,14.88
49,Male,110.8,1.62,162,169,59,1.34,1783,Cardio,11.5,1.7,4,2,21.26
19,Male,97.4,1.75,173,144,56,1.27,917,HIIT,27.1,3.2,4,2,28.45
42,Male,117.7,1.71,198,149,74,0.89,943,Cardio,23.7,1.8,4,1,26.89
24,,91.2,1.66,167,129,60,1.27,314,HIIT,30.8,3.4,5,1,21.76
18,Female,100.3,1.83,168,125,74,1.21,746,Yoga,23.3,3.4,5,1,
28,Male,51.1,1.66,161,154,65,0.86,944,HIIT,31.1,3.3,5,2,19.67
18,Male,79,1.64,191,150,74,1.37,1741,Yoga,16.9,1.9,4,,30.73
44,Female,65,1.57,165,168,70,1.02,1232,Cardio,27.9,3.6,3,1,32.75
24,Male,86.3,1.71,191,150,50,1.33,1166,Yoga,33.3,1.8,3,1,18.7
39,Male,43.3,1.68,184,128,51,1.5,712,Cardio,13.2,1.5,2,2,17.06
18,Male,50.6,2,179,133,,1.85,1265,Strength,19.8,2.7,,2,20.88
52,Male,40,1.71,165,157,74,1.64,1001,HIIT,18.6,2.8,4,2,17.27
18,Female,59.9,1.76,179,169,66,1.26,1024,Cardio,,2.1,3,1,18.69
56,Female,59.1,2,177,,58,0.94,1277,Yoga,14.1,3.4,3,2,16.29
24,,62.8,1.68,177,163,53,2,1005,HIIT,25.9,2.9,4,1,19.91
59,Female,72.8,1.65,172,165,55,1.17,1104,HIIT,15.4,3.4,3,1,14.86
29,Female,65,1.77,194,152,66,1.34,715,HIIT,25.2,1.8,2,1,23.25
18,Female,74.2,1.85,177,151,66,2,1104,HIIT,28,1.5,3,1,
46,Female,61.2,1.79,190,157,72,1.05,947,Strength,22.6,2.5,3,1,17.28
27,Female,63.3,1.9,183,148,67,0.58,933,HIIT,20,3.2,4,2,22.45
40,Female,95.3,1.86,171,130,67,1.46,796,\nStrength,10,2,4,1,22.23
42,,73.6,1.73,182,159,66,1.65,1265,Cardio,23.2,2.4,2,2,
35,Male,124.8,1.75,176,161,59,1.2,1240,Yoga,10,3.3,3,2,28.03
18,Male,75.4,1.97,177,136,67,0.76,1371,HIIT,29.7,3.1,2,1,15.43
46,Male,49.8,1.91,160,146,65,2,1009,HIIT,29.4,3,3,3,12.84
18,Male,61,1.67,163,139,70,1.22,361,Strength,27.4,3.4,2,3,17.17
47,Male,100.2,1.67,196,151,73,1.48,953,,24.5,3.2,3,,26.79
33,Female,73,1.69,196,135,67,1.93,881,Yoga,10,2.2,2,2,23.54
30,Male,88.2,1.72,191,155,54,1.28,911,Strength,27.2,2.2,4,3,15.42
34,Female,61.7,1.81,183,141,72,0.98,1443,HIIT,31.4,2.6,4,3,20.6
30,Male,120,1.79,187,141,51,2,1508,Yoga,,2.5,4,1,21.36
30,Male,45.4,1.73,197,151,50,1.27,1200,Cardio,23.1,3.6,4,3,17.33
30,Male,40,1.87,186,140,56,1.57,848,,26.6,2.6,5,1,12.87
22,Male,129.9,1.62,185,141,52,1.62,571,Strength,27.2,1.8,4,2,12.32
53,Female,71.9,2,191,161,74,1.6,1286,Cardio,29,3.7,5,2,12.32
44,Female,115.6,1.5,186,145,55,1.65,1075,HIIT,25.1,3.5,2,1,18.41
26,Female,64.7,1.61,197,137,74,1.48,1088,HIIT,25.1,2.2,5,2,24.23
52,Male,58.2,1.71,182,161,50,1.49,1364,HIIT,28.7,3.5,3,2,21.89
49,Male,53.8,1.81,185,169,71,1.56,1345,Strength,25.3,2.4,4,2,19.34
26,Female,63.6,1.77,173,145,55,1.29,1586,Strength,18.9,2.8,3,1,22.45
23,Male,62.3,1.68,167,122,74,1.69,772,Cardio,21.1,3.3,,1,12.98
26,Male,55.9,1.61,192,,74,1,1133,Cardio,21.1,2.6,5,1,21.42
41,Female,65.7,1.57,170,169,71,1.13,708,Yoga,26.5,1.9,5,1,12.32
59,Female,65.5,1.78,168,139,56,1.26,505,Strength,22.8,2,2,2,28.6
39,Female,90.5,,175,169,51,2,883,HIIT,30.8,3.6,3,2,20.06
28,Female,40,1.81,194,164,57,1.57,1070,Yoga,21.3,3.4,3,1,37.33
48,Male,40,1.67,169,168,57,2,833,Strength,17.8,2.2,3,3,12.32
54,Female,76.8,1.79,189,132,64,1.32,815,Strength,20.7,2.1,4,1,20.66
26,Female,92.4,1.59,165,169,55,1.49,1783,HIIT,24.9,1.5,4,2,22.09
28,Male,88.5,1.64,160,163,50,1.25,1190,Cardio,31.7,3.2,3,1,26.98
52,Female,54.3,1.73,185,137,57,2,1783,Yoga,20.5,3.1,3,2,22.75
23,Male,71.2,1.56,170,140,68,0.79,1014,Yoga,21.8,3.5,4,1,13.25
26,Female,64.1,1.68,190,168,55,1.35,1175,Strength,28.1,3.4,2,2,39.84
18,Female,45.3,1.75,190,169,69,0.82,808,Cardio,28.4,3.7,2,3,26.5
21,Female,76,1.72,196,160,73,1.51,1306,Strength,28.8,3.5,3,3,12.32
41,Female,40,1.69,192,138,66,0.95,1556,Yoga,26,2.6,4,1,19.94
30,Male,129.9,1.78,189,120,74,1.51,828,Yoga,20,1.5,2,1,30.83
27,Female,62.9,1.73,187,157,54,0.99,569,Strength,27.9,2.4,4,1,28.52
28,Male,69.3,1.99,183,154,62,1.97,827,Strength,14.4,1.5,4,2,18.72
38,Male,60.6,1.81,170,159,71,1.45,577,Cardio,24.8,3.7,3,3,13.74
59,Female,40,1.65,179,163,71,1.93,823,Cardio,23.4,3.4,3,1,22.78
33,Female,56.6,2,173,131,71,1.65,680,,24.1,1.9,3,2,37.62
27,Female,75.2,1.96,172,132,61,1.22,829,HIIT,14.9,2.7,3,1,21.52
46,Female,78.4,1.55,176,132,69,2,,Strength,23.3,2.2,2,1,23.63
25,Male,42.2,1.82,185,140,56,0.86,373,Strength,17.9,3.5,4,2,29.27
29,Female,57,1.7,168,160,61,0.74,976,Yoga,17.7,2.8,4,3,12.32
32,Female,40,1.89,177,134,71,,1270,HIIT,23.9,1.9,,2,18
49,Male,128.5,1.96,196,138,68,0.5,1165,Cardio,26.1,3.4,2,1,22.89
28,Female,45,1.8,187,162,74,1.82,1395,Strength,23.2,2.7,4,3,12.32
18,Female,78.5,1.81,190,127,74,1.38,466,Yoga,29.9,1.7,4,3,15.7
50,Female,49.4,1.91,188,131,74,1.11,963,Strength,17.6,2.7,2,1,17.89
27,Female,50.3,1.66,180,131,74,1.12,677,Cardio,27.6,1.8,2,2,39.72
40,Female,61,1.88,171,138,62,1.38,1180,HIIT,24.9,2,2,3,12.32
59,Male,79.3,1.79,198,162,74,1.78,933,Strength,25.2,2.7,4,2,16
57,Female,40,1.62,190,123,57,1.43,1093,Yoga,25.2,3.2,5,1,21.11
18,Male,50,1.69,196,143,53,,1115,Yoga,21.6,2.7,4,,28.53
18,Male,48.6,1.95,175,152,57,1.87,862,Strength,23.1,1.6,3,1,12.32
26,Male,91.3,1.63,186,156,67,0.92,1091,Yoga,22.6,2.4,,1,19.46
50,Female,102.2,1.65,198,157,64,1.64,1123,Yoga,17.3,3.3,4,2,17.77
48,Female,40,1.75,196,133,74,2,517,Cardio,12.8,2.5,4,1,12.32
41,Female,69.6,1.63,193,169,55,1.46,1157,Strength,27.9,3.7,4,1,32.29
23,Female,56.8,1.75,183,149,74,1.54,926,Strength,25.3,2.6,2,,12.32
50,Female,99.4,1.7,181,120,58,0.88,694,Yoga,30.5,1.5,3,,16.45
18,Male,51.4,1.83,195,141,54,0.97,1145,HIIT,23.7,1.7,2,3,16.63
22,Male,96.9,1.8,163,132,56,0.94,748,HIIT,21.7,2.5,4,2,24.29
26,Female,64.3,1.7,192,140,65,1.51,1236,Yoga,33.9,3.6,3,2,39.07
42,Female,40,1.72,197,139,74,1.64,1143,Yoga,24,1.5,3,2,19.15
37,Male,40,1.92,194,128,72,1.89,1753,Strength,10,3.4,5,1,15.24
30,Female,85.4,1.71,188,169,74,1.17,744,HIIT,21.6,3.6,4,2,20.15
33,Female,72.9,1.58,178,153,57,0.94,1139,HIIT,25.9,3.5,2,1,18.97
25,Female,48.8,1.84,186,168,65,1.68,972,Strength,25,1.7,3,2,16.6
18,Male,54.9,1.74,187,131,74,0.93,597,HIIT,,3.2,3,3,18.89
38,Male,53.6,1.7,188,126,73,0.97,1083,Yoga,30.4,3.4,4,2,12.32
47,Male,77.9,1.76,164,139,59,1.29,1233,Cardio,34,2.8,2,1,15.38
35,Male,68.5,1.73,175,142,58,1.2,840,Cardio,19.3,2.1,2,3,12.32
59,,,1.56,164,124,56,0.85,917,Cardio,29.4,3.7,2,,18.27
28,,77.2,1.86,180,133,,1.55,1710,Strength,26.5,1.6,4,3,17.34
32,Female,113.1,1.73,165,135,58,1.5,1081,Yoga,26.2,3.3,4,1,12.32
27,Female,53.7,1.75,167,137,74,2,788,Yoga,13.3,2.6,3,,16.24
25,Male,61.3,1.77,173,167,50,1.88,1760,Strength,35,3.1,4,2,17.69
38,Male,41.1,1.67,184,133,74,0.63,804,HIIT,25.6,2.8,5,3,14.26
36,Male,78.2,1.63,191,169,74,2,1381,Cardio,23.1,2.7,3,2,21.82
35,Male,94.6,1.69,167,158,57,0.75,1534,Yoga,33.1,2,4,2,22.21
28,Female,68.8,1.73,198,169,66,1.46,1279,Yoga,31.4,1.6,3,1,12.38
27,Female,43.4,1.71,184,165,71,1.24,945,Strength,10,3.6,2,2,25.15
37,Female,40,1.81,164,139,62,1.35,658,,15.4,,4,1,
40,Female,40,1.74,173,164,72,1.33,1194,HIIT,22.7,1.5,4,1,12.32
24,Male,70.3,1.87,191,127,62,1.75,1285,Yoga,23.9,1.5,2,3,14.32
18,Male,64.7,1.67,167,152,74,1.38,1506,HIIT,26,1.7,4,3,19.63
59,Male,61,1.62,191,162,74,1.69,499,HIIT,14.6,1.8,3,3,21.37
37,Female,44.2,1.61,168,164,73,1.13,1011,Yoga,28.8,2.5,4,3,14.92
18,Male,77.8,1.76,183,157,74,1.27,1086,HIIT,24.6,3.3,3,1,16.37
53,Male,53.5,1.71,195,169,54,1.04,900,Yoga,25.1,2.7,3,2,33.56
44,Male,63.7,1.62,176,166,54,1.16,1142,Cardio,23,3.2,5,2,12.32
28,Female,64.1,1.82,170,120,57,1.53,686,Yoga,16.3,2.7,2,,13.85
,Female,54.5,1.67,196,148,73,1.21,819,Strength,29.4,3.1,3,1,15.16
30,Female,40,1.93,180,143,74,1.94,916,Yoga,17.2,2.3,2,1,12.32
25,Female,68.8,1.73,182,133,74,1.65,851,\nStrength,28.8,1.8,3,3,12.32
18,,50.6,1.74,162,153,74,1.25,634,Strength,29.3,1.5,4,,17.25
53,Female,68.9,1.6,191,155,70,0.89,874,Yoga,10.2,1.6,3,2,27.19
25,Male,100.4,1.76,173,169,58,0.85,1465,Cardio,30.4,1.8,3,1,17.45
58,Female,105.7,1.65,171,136,71,1.22,841,Cardio,32,3.4,,3,13.66
18,Female,61.9,1.58,184,141,,1.63,900,Yoga,25.2,3.7,2,1,18.23
50,Female,60.4,1.72,184,124,74,2,494,\tYoga,27.9,3,4,2,20.81
23,Male,56.2,1.58,184,141,71,2,640,Cardio,25.2,1.5,4,1,
18,Female,42.6,1.56,180,169,62,1.27,1497,Strength,27.1,3.6,4,1,12.46
59,Female,97.4,1.57,199,153,70,0.73,877,Yoga,18.1,3.3,4,1,27.67
32,Male,58.7,,161,130,69,1.07,733,Strength,28.6,1.9,3,3,12.87
21,Male,46.4,2,198,135,74,1,497,Cardio,29.7,1.8,2,1,23.07
32,Male,57.4,1.66,189,136,62,1.55,1068,HIIT,24.6,3.4,2,2,
38,Male,87.9,1.75,183,130,74,1.54,1273,HIIT,24.2,1.6,3,1,12.32
40,Male,87.8,1.64,161,145,59,1.63,849,Cardio,22.5,2.6,4,2,17.55
52,Female,62.4,1.91,191,161,63,2,1783,Yoga,27.3,3.2,2,1,15.2
20,Female,65.7,1.81,189,165,55,1.66,733,Strength,35,3.5,4,2,25.06
23,Female,51.4,2,182,158,65,1.07,738,Strength,31.7,2.6,4,2,15.31
34,Female,75.2,2,196,141,73,1.13,753,HIIT,33.8,3.6,4,2,16.39
34,Male,77.7,1.81,187,149,54,1.08,842,Strength,33,3,2,3,12.32
23,Female,40,1.89,162,126,60,0.74,1237,Cardio,24.7,2.9,3,1,17.09
43,Female,80.5,1.68,190,135,58,1.1,1099,Yoga,21.7,2.1,5,1,25.52
18,Male,40,1.78,167,133,62,0.86,963,Yoga,16.9,3.7,4,3,21.42
28,Female,109.4,1.58,170,165,74,1.94,619,HIIT,21.9,2.2,5,1,21.16
57,Female,40,1.58,165,140,55,1.33,1783,Strength,24.7,2.6,4,1,14.94
18,Male,40,1.8,168,,58,0.5,729,,32.5,3.7,3,3,12.32
44,Female,79.5,1.73,184,155,56,1.57,1058,Yoga,17.8,2.6,4,2,25.45
21,Female,68.5,1.61,191,169,74,1.18,1278,Yoga,19.9,3.1,3,2,18.59
39,,65.6,1.75,164,158,66,1.09,1593,Cardio,23.7,3.1,4,2,23.89
44,Female,87.5,1.88,173,132,66,1.21,1643,Strength,26.9,3.1,2,2,21.72
56,Male,54.5,1.76,196,148,74,1.4,659,HIIT,32.1,2.8,4,2,27.02
33,Female,55.4,1.6,185,144,67,2,1015,HIIT,30.6,2.7,4,3,20.82
32,Male,85.7,1.53,185,133,52,1.02,1108,Cardio,24,3.4,3,3,14.19
34,Female,58.2,1.7,189,134,55,0.73,785,HIIT,24,1.6,4,2,12.46
30,Male,72.5,1.91,189,142,58,1.44,976,Cardio,28.2,3.6,2,2,26.6
26,,77.2,1.64,168,162,64,1.25,438,Strength,22.7,2.4,4,2,30.85
20,Male,90.3,1.68,169,135,59,1.1,758,Cardio,10.5,1.7,4,1,31.04
42,Female,95.2,1.76,178,158,56,1.21,770,Cardio,25.3,2,2,3,16.06
26,Male,75,1.91,181,168,74,1.1,943,HIIT,24.8,2,3,2,21.87
26,Male,61.5,1.51,185,155,74,1.35,1079,Cardio,31.4,3.4,4,2,21.29
28,Female,101.9,1.5,196,164,56,1.87,1211,\tCardio,23.8,3.2,2,2,15.07
54,Female,41.4,1.6,163,169,71,1.62,1385,Yoga,10,1.6,5,3,20.92
18,Male,71.3,1.78,167,129,72,0.86,1238,Strength,20.6,1.5,4,3,34.18
42,Male,46.2,1.72,167,130,69,1.19,945,HIIT,24.6,2.9,2,3,19.47
24,Male,64,1.83,187,155,74,1.79,406,Yoga,27.7,1.5,3,,31.31
54,Male,47.2,1.75,160,134,68,1.18,1001,Yoga,23.9,1.9,4,1,20
53,Male,95.5,1.52,164,169,52,1.31,1009,Yoga,21.8,1.9,,3,12.32
33,Female,40,1.79,194,162,60,1.39,1012,Cardio,23.7,2.8,4,,13.81
52,Female,81.1,1.74,184,168,74,,1080,,23.6,3.4,5,1,12.32
51,Female,72.1,,162,160,70,1.21,1186,Cardio,17.6,3.2,3,2,12.66
47,Male,100.5,1.56,185,133,64,0.87,872,Cardio,22.1,1.5,4,2,
55,Female,129.9,1.89,177,157,66,0.81,1154,Cardio,15.2,2.4,4,2,20.1
28,Male,75.7,1.85,160,157,64,1.59,1179,,29.7,1.5,3,2,37.5
18,Female,69,1.66,196,141,56,1.46,1251,Yoga,25.7,2.4,4,2,18.23
19,Male,72.5,1.73,184,135,71,1.12,1392,HIIT,11.9,3.5,3,1,29.87
30,,50.8,1.81,196,132,74,1.28,794,Yoga,14.5,3.2,3,3,22.58
40,Female,68.2,1.5,197,153,71,1.24,484,Cardio,24.1,3.5,4,2,12.45
49,Female,105,1.63,170,139,70,1.53,1065,Cardio,24,1.5,4,2,18.89
57,Female,129.9,1.88,162,148,56,1.71,1233,Strength,24,1.8,3,1,
27,Female,61.1,1.59,\t182,139,68,1.09,669,Yoga,16.7,1.5,3,2,12.32
27,Male,,1.81,176,169,64,1.37,1783,Yoga,28.5,1.5,3,3,16.6
50,Male,62.5,1.67,172,121,56,1.14,1415,Cardio,20.9,2.5,5,2,28.47
59,Male,62.4,1.71,197,,74,1.47,705,Cardio,32,2.4,4,2,19.22
26,Male,72.4,1.68,196,169,53,2,1082,HIIT,29.8,2.5,2,3,21.68
55,Female,93.1,1.82,172,148,60,1.22,1039,HIIT,17.3,2.6,4,1,20.51
48,Female,122.3,1.71,183,120,63,0.79,992,,10,2.6,4,1,18.9
29,Female,70.8,1.85,160,142,52,1.5,1624,\tYoga,14.2,3.5,2,3,15.46
52,Male,51.5,1.6,184,162,65,1.46,1339,Cardio,25.2,3.2,4,3,12.32
18,Female,57.1,1.61,198,129,66,0.94,1064,Cardio,31.7,2.4,2,3,19.32
36,Female,64.4,1.97,166,153,59,1.45,1132,HIIT,27.9,2.9,3,1,23.33
52,Male,63,1.72,184,131,54,1.48,804,Cardio,21.5,1.5,4,3,34.06
29,Male,77.2,1.89,192,152,58,2,858,HIIT,25.6,3.2,3,2,19.23
18,Female,40,1.66,190,147,50,1.6,1287,Cardio,27.6,1.9,5,3,22.99
30,Female,76.3,2,193,132,59,1.11,548,HIIT,34.9,3.2,3,1,17.54
29,Female,71.2,1.8,176,139,68,1.4,354,Cardio,10,3.4,2,3,31.75
55,Male,104.9,1.56,187,155,58,0.87,1260,\nStrength,27.8,3.5,3,1,12.68
34,Female,102.1,1.53,178,152,50,2,1783,Strength,26.5,2.1,3,1,38.34
31,Female,63.6,1.57,165,169,74,1.09,1148,Strength,15.1,3.4,4,1,13.15
26,Male,68.6,1.7,172,167,57,1.32,501,Yoga,25.4,1.5,3,2,18.29
33,Male,46,1.71,163,145,54,1.29,671,Yoga,21.4,3.1,2,3,14.68
39,Female,88.6,1.8,181,158,71,1.29,1296,Strength,24.3,2.8,4,1,
36,Male,79.7,1.75,168,132,74,1.67,445,Strength,23.9,3.4,4,2,25.28
33,Female,108.7,1.75,199,131,74,0.86,1080,Yoga,24.1,1.9,3,1,16.46
45,Female,61.4,1.76,194,120,68,1.22,909,Strength,21.4,2.8,2,1,21.75
21,Female,69.2,1.87,168,127,68,1.47,1275,Yoga,24.1,2.9,5,3,14.59
52,Male,67.4,1.72,160,134,51,1.49,1307,Strength,17,2.6,2,2,15.39
29,Female,40,1.64,178,130,69,1.15,1093,HIIT,27.4,3.4,3,2,14.89
47,Female,46,1.58,172,147,72,1.37,1098,Strength,28.5,3.7,2,3,15.45
34,Male,89.1,1.78,174,120,51,1.52,574,Cardio,27.6,1.5,4,2,20.61
57,Male,70.4,1.72,181,161,57,1.3,983,Yoga,29.9,3.6,3,2,22.21
24,Male,65.7,1.84,165,146,74,1.59,954,Cardio,17.8,2.8,5,2,16.06
26,Male,82.2,1.69,189,139,70,1.45,1184,Yoga,10,2.5,5,2,18.01
32,,52.2,1.73,196,134,74,2,684,Strength,27.4,2,3,1,21.27
54,Male,128.7,1.91,192,,58,1.97,1049,Cardio,22.9,2.7,4,2,23.32
18,Female,,1.64,196,169,74,0.9,921,Strength,25.8,3.3,5,2,20.03
18,Female,110.3,1.76,168,169,55,1.86,1391,Strength,33,3.5,5,3,16.38
54,Male,42.7,1.72,191,153,74,2,987,Yoga,13.6,1.5,5,2,19.11
35,Female,98,1.59,179,141,62,1.04,729,Cardio,14.2,1.5,3,1,18.32
37,Female,94.5,1.84,160,158,61,1.2,1063,HIIT,26.6,2.6,3,2,12.32
30,Female,57.6,1.66,169,160,67,1.86,1332,Yoga,30.9,2.7,4,2,30.42
31,Male,40,1.74,194,155,68,1.4,716,HIIT,30.6,1.5,4,3,20.16
28,Male,40.3,1.69,166,169,69,0.5,864,Cardio,24.9,2.6,3,3,20.42
53,Male,60.8,1.66,199,121,69,1.12,926,Strength,26.5,3.6,4,1,12.32
56,Male,72,1.77,191,168,62,1.55,1144,Cardio,30,2.7,2,2,23.34
44,Male,94.4,1.75,163,154,58,1.66,881,HIIT,24.1,2.9,3,3,12.32
38,Male,71,1.84,190,120,53,1.93,1700,Cardio,24.7,3.1,,3,21.97
34,Female,77.9,1.87,183,169,59,1.28,691,,24,3.4,2,1,15.67
48,Male,52.6,1.63,182,129,54,2,1310,Strength,25.1,1.5,,1,14.53
48,Female,62.9,1.67,198,164,64,0.84,1098,HIIT,24.5,3.3,5,1,24.26
33,Male,59.6,1.6,187,127,69,1.41,573,\tCardio,22.7,2.2,3,1,21.54
46,Female,50,1.5,182,149,64,1.44,929,Cardio,23.8,3.3,2,3,16.09
32,Female,104.3,1.83,160,,64,1.83,1122,Yoga,22.1,2.8,4,2,16.99
36,Female,61.2,1.93,166,145,55,0.77,1015,HIIT,18.8,1.5,4,2,12.32
36,Female,82.5,1.66,166,134,50,0.95,640,Yoga,11.2,3.4,5,2,21.01
57,Female,58.3,1.73,164,132,50,1.48,492,HIIT,27.7,3.6,3,1,19.23
45,Male,61.6,1.95,176,,64,1.12,1049,Strength,25.1,2.4,4,1,30.72
44,Male,64.2,1.7,,139,62,1.3,1201,Yoga,23.2,3.3,2,2,15.79
31,Male,53,1.83,182,149,55,1.33,821,Strength,23.6,3.4,4,3,22.89
50,Female,69.6,1.9,172,127,74,,303,Strength,26.2,1.5,3,1,29.91
38,Female,81.1,1.92,190,125,61,1.18,690,Yoga,26.1,3.1,4,3,17.99
49,Female,65.7,1.77,182,139,74,1.18,744,HIIT,26.8,3.1,2,2,23
21,Male,81.8,1.83,182,163,53,2,1159,Cardio,29.2,2.7,4,1,22.27
28,Female,91.2,1.77,164,162,55,1.28,648,Strength,25.4,3.3,2,2,18.88
52,Female,98.5,1.96,183,169,50,1.98,1515,Strength,,2.2,5,1,35.08
22,Male,88.9,1.6,182,148,74,1.39,1386,HIIT,28.9,2.5,3,3,32.24
43,Male,88.5,1.72,185,131,67,1.48,1140,Cardio,23.6,3.3,4,1,28.7
46,Male,85.9,1.7,180,148,66,1.77,1088,HIIT,13.8,3.4,2,2,21.8
18,Male,56.5,1.86,193,129,54,1.4,901,HIIT,20.6,3.5,4,2,13.7
43,Female,65.2,1.97,184,121,72,1.1,594,HIIT,23.2,,3,2,17.03
18,Male,71.9,1.54,170,121,59,1.48,658,HIIT,18.9,2.6,4,2,24.65
44,Male,66.8,1.72,191,136,68,1.34,1239,Cardio,31.5,2.8,4,2,22.21
55,Female,46.3,1.7,187,139,52,2,1130,Cardio,27.3,1.5,3,1,32.94
36,Male,93.2,1.63,,153,55,1.21,389,Cardio,25.8,1.5,3,2,24.94
57,Male,72.4,1.65,168,162,56,1.71,1140,Yoga,10.9,2.5,4,1,28.3
41,Male,70.7,1.81,191,134,62,1.53,1381,Cardio,30.3,3.3,2,2,23.32
52,Female,45,1.75,196,143,74,2,926,Yoga,22,2.4,3,1,38.8
18,Female,74.8,1.83,165,144,63,1.66,1174,Cardio,22.9,3.1,2,2,15.29
31,Female,61.1,1.69,190,123,64,0.62,1227,HIIT,23.8,3.6,2,3,19.83
34,Female,44.3,1.76,180,129,58,1.85,494,Strength,25.8,3.2,4,3,16.48
20,Female,96.2,1.59,170,142,52,1.57,1305,Strength,10.2,2.8,,1,21.72
47,Male,69.7,1.83,184,121,70,1.02,747,HIIT,30.2,1.9,5,1,20.78
33,Male,41.9,1.59,166,165,50,2,898,Strength,24.6,3.2,3,2,14.53
47,Female,52.9,1.67,180,142,72,1.11,770,\tCardio,22.9,1.5,3,2,30.5
58,Male,94.6,1.57,191,152,74,0.78,674,Cardio,10.2,3.3,,1,22.94
47,Male,70.5,1.67,166,168,58,1.74,898,Strength,30,3.2,3,2,46.78
27,Female,40,1.76,192,169,56,2,602,HIIT,28,3.4,3,3,31.97
51,Male,51.6,1.83,194,161,67,2,1057,Yoga,27.6,2.2,3,1,24.12
18,Female,83.3,1.59,165,169,72,1.19,997,Strength,25.7,3.3,3,1,31.83
20,Male,67.7,1.84,193,122,66,1.19,900,Cardio,13.7,3.4,5,2,19.76
43,Male,57.8,1.78,197,163,52,1.42,1418,\tYoga,28.6,1.6,2,1,14.84
45,Male,59,1.87,199,157,55,1.11,613,Strength,18.2,3.2,2,1,31.55
29,Female,61.5,1.88,182,152,72,1.62,793,HIIT,24.2,3.3,4,3,23.84
18,Female,40,1.75,176,124,68,1.01,1536,HIIT,14.6,3.5,,2,17.62
37,Male,79.6,1.68,180,137,67,2,920,Yoga,28.6,1.8,,3,23.26
26,Female,68.6,1.75,184,140,60,1.26,681,HIIT,29.4,1.8,3,3,20.02
49,Female,77.9,1.75,196,169,64,1.24,1267,HIIT,24.8,3.5,3,2,14.38
23,Female,40.9,1.75,187,136,50,1.14,1135,Cardio,24.8,3.4,3,2,12.32
18,Male,68.7,1.77,161,169,68,1.01,1011,Cardio,27.3,3.5,3,2,17
23,Male,114.9,1.61,180,120,56,1.27,891,HIIT,28,3.3,3,1,22.67
47,Male,65.6,1.77,190,154,54,1.59,413,Strength,23.1,3.6,2,2,14.47
20,Female,90.9,1.69,198,142,74,1.35,927,Cardio,18.1,3.2,4,1,16.23
40,Male,61,1.89,196,123,71,1.45,625,Strength,27.4,3.6,3,1,23.16
18,Male,66.8,1.66,166,135,59,2,803,Yoga,23.2,3,2,1,12.56
56,Male,42.6,1.61,190,161,60,1.24,1260,HIIT,23,3.6,4,3,23.68
56,Female,88.8,1.7,173,129,52,1.79,933,Yoga,24.1,1.5,4,2,12.32
34,Female,83.2,1.64,171,164,69,1.19,1392,Yoga,22.9,3.5,3,1,14.97
38,Female,99.1,1.5,185,159,74,1.38,995,HIIT,17.8,1.5,4,1,24.56
43,Male,77.8,1.7,180,149,58,1.38,1643,Strength,14.9,2.8,5,1,16.55
18,Male,47.8,1.85,161,156,50,1.02,1265,Yoga,30.8,3.2,5,1,12.32
24,Male,40,1.82,168,120,74,1.28,303,Strength,25,3.6,3,1,17.95
35,Female,91,1.55,174,136,74,0.99,1216,Cardio,27,3.5,3,3,16
21,Male,86.3,1.74,184,169,61,1.85,993,Strength,24.9,3.4,2,2,22.21
26,Male,64.6,1.82,196,165,55,1.46,1699,Yoga,28.1,3.3,4,2,19.63
40,Female,49.6,1.7,169,,72,1.6,921,Cardio,32.5,3.6,,2,12.71
23,Female,59.6,1.81,160,146,71,1.54,1382,HIIT,22.6,2.8,5,2,12.32
46,Female,53.7,1.5,177,169,54,1.62,1245,Strength,26.8,3.7,4,3,22.71
55,Female,58.9,1.56,197,125,58,0.73,1103,Yoga,22.1,3.5,3,2,30.52
31,Male,79.4,1.58,163,125,74,1.49,663,Cardio,24,2.4,3,2,12.32
26,Male,83.1,1.52,163,139,51,1.95,925,Strength,10,2.8,3,1,20.05
31,Female,61.7,1.52,177,160,54,0.54,1266,Yoga,23.1,1.7,4,2,12.32
27,Male,66.6,1.7,171,149,73,1.43,1321,Strength,26.6,3.3,4,3,13.51
45,Female,106.3,1.84,172,123,61,1.15,1177,Strength,16.9,2.6,4,3,30.72
23,Female,73.2,1.58,175,169,,1.54,1226,HIIT,25,2.4,3,2,24.85
48,Female,69.9,1.82,173,162,,2,1724,Yoga,26.7,2.4,3,1,23.63
30,Female,62.3,1.53,185,153,68,1.3,1382,Yoga,20.5,1.6,2,2,34.48
48,Male,83,1.55,164,169,67,1.27,1287,Cardio,21.5,3.5,2,3,22.88
35,Male,75.4,1.64,198,167,63,1.14,1045,Yoga,20.5,1.5,3,2,30.23
30,Female,98.3,1.84,178,161,74,1.58,576,HIIT,23.3,1.6,3,2,16.15
38,Female,46.5,1.65,182,169,70,1.34,806,Cardio,24.1,3.5,2,1,12.32
44,Male,61.6,1.65,167,158,74,1.11,1223,Strength,23.8,2.9,4,1,15.25
31,Female,64,1.85,184,147,71,1.05,571,Strength,27,2,5,2,14.26
18,Male,59.1,1.69,180,155,57,1.99,1505,Yoga,27.5,1.9,4,1,17.36
24,Female,45.1,1.6,195,163,66,2,453,Cardio,31.2,1.6,2,2,22.88
18,Male,49.1,1.68,,142,74,1.13,961,Yoga,23.7,3.1,,1,15.28
18,,82.7,1.79,171,167,69,1.09,1305,HIIT,21.8,2.1,2,1,12.89
33,Male,85,1.73,161,128,64,1.34,812,Strength,16.6,3.2,4,1,13.34
21,Female,77.9,1.8,199,169,56,1.3,1171,Cardio,19.7,3.4,3,2,19.98
20,Male,40,1.52,192,151,63,1.5,572,HIIT,25.1,3.7,4,1,25.64
59,Male,44.8,1.67,189,130,63,1.29,1021,Strength,29.8,3.6,3,3,12.32
51,Female,66.4,1.77,184,147,55,0.97,1531,HIIT,33.1,3.6,3,3,14.27
50,Male,40,2,192,155,56,0.82,829,Strength,24.6,2.4,3,2,16.67
42,Male,96.2,1.63,164,148,74,1.38,887,Strength,16.3,1.6,2,3,25.15
45,Female,54,1.86,170,148,65,1.36,670,Cardio,28.9,3.5,3,2,16.72
22,Male,71.1,1.68,164,160,74,1.51,955,Cardio,10,3.3,4,2,16.09
47,Female,48.6,1.55,176,165,74,0.71,1305,Cardio,15.6,2.7,2,1,27.31
34,Female,100.1,1.97,192,164,73,2,1747,Yoga,25.5,1.5,4,2,22.68
51,Female,53.7,1.72,169,120,52,0.95,1234,HIIT,10,3.3,,3,14.41
27,Male,83.5,1.67,162,129,65,1.48,1517,Yoga,25.8,3.3,2,1,18.45
18,Male,52.4,1.74,181,169,63,0.83,889,Strength,10,2.8,4,3,13.4
48,Male,89.5,1.61,170,153,57,1.38,1355,Strength,10,3.3,3,1,12.32
25,Female,58.2,1.64,165,169,71,1.92,984,Strength,20.8,3.3,4,3,19.05
51,Male,126,1.74,190,139,57,1.04,1108,Strength,27.3,3.2,2,1,22.63
58,Female,57.4,1.62,196,154,61,1.59,1015,,15,2.1,3,1,25.02
32,Female,52.3,1.59,161,121,74,2,723,Strength,20.3,3.3,3,1,22.56
47,,40,1.85,192,139,57,1.2,697,Cardio,25.2,3.5,4,1,19.04
55,Female,129.6,1.84,188,139,58,1.28,1272,HIIT,19.2,3.5,3,1,18.38
33,Female,72.3,1.8,199,120,74,1.33,457,HIIT,26.5,2.3,4,2,12.32
28,Male,64.1,1.55,179,152,52,1.41,1091,HIIT,31.1,3.3,4,1,18.43
34,Male,66.7,1.55,186,169,55,1.48,781,Cardio,19.4,2.5,3,1,12.32
35,Male,44.9,1.92,168,123,67,1.29,572,Cardio,20.8,2.1,4,2,17.33
36,Female,90,1.69,180,160,72,2,717,HIIT,20.6,3.3,4,1,13.72
27,Male,77.7,1.76,167,131,74,1.36,448,HIIT,24.9,2.1,5,2,23.19
18,Male,100,1.73,192,166,56,1.22,1631,Strength,23.3,1.8,4,2,12.32
52,Male,83.4,1.52,176,142,56,1.45,596,HIIT,25.6,1.9,3,2,15.21
32,Female,46.5,1.83,176,128,74,1.01,1061,Cardio,10,2.5,4,3,14.63
37,Female,81.1,1.78,195,143,72,1.07,770,HIIT,22.5,2.5,3,2,12.51
31,Male,50.7,1.86,171,149,74,1.29,580,Cardio,,3.6,3,2,21.13
23,Female,55.4,1.8,164,163,73,1.33,783,Strength,27.1,1.5,2,1,18.71
23,Female,40,1.8,160,136,62,1.85,1113,Strength,16.8,1.7,3,,16.37
25,Female,76.2,1.87,184,148,69,1.96,809,HIIT,26.2,2.3,3,1,17.02
52,Male,84.5,1.75,180,158,71,2,830,Strength,14.1,1.5,4,3,18.25
59,Male,40,2,173,141,68,1.04,1331,Strength,27,3.7,2,1,43.74
37,,40,1.92,163,129,68,1.22,1025,Cardio,22.7,3.3,2,1,23.28
42,Female,55.6,1.63,176,134,74,1.41,384,Cardio,22,3.3,3,1,32.64
29,Male,73.6,1.82,162,141,55,1.5,1057,Cardio,25.2,2.1,2,2,30.41
29,Female,50.8,1.89,199,163,59,0.8,784,HIIT,35,2.5,3,2,22.37
27,Male,72.5,1.88,181,162,69,1.21,1120,HIIT,34.6,3.4,4,1,27.76
22,Male,128.4,,166,169,50,1.53,914,HIIT,16.7,2.8,3,2,13.01
41,Male,74.7,1.84,170,169,57,,1257,Strength,24.8,2.5,3,3,14.71
21,Female,94.4,1.69,197,155,61,1.94,1089,Strength,20.7,2.4,,2,14.52
52,Male,57.5,1.87,174,149,70,1.05,880,,12.5,2.5,2,2,12.32
32,Male,51.1,1.86,199,131,63,1,865,HIIT,34.8,3.2,3,1,21.49
30,Female,88.8,1.69,171,127,70,1.21,1097,Strength,25.6,3.4,,1,19.29
31,Female,,1.54,161,156,74,0.68,882,Cardio,28.9,2.6,4,1,12.32
49,Female,80,2,162,151,74,1.07,,,15.7,3.6,3,2,29.6
23,Female,52.6,1.78,176,169,53,1.15,1384,Cardio,31.1,2.4,3,2,21.08
18,Male,57.5,1.74,193,154,70,1.16,1358,HIIT,33.9,3.7,4,3,12.32
52,Female,45.1,1.65,165,164,71,1.76,1380,Yoga,21.5,3.3,5,1,29.89
45,Male,98.7,1.77,183,132,74,1.32,400,Cardio,19.5,2,4,2,18.18
51,Male,63,1.78,161,152,50,1.33,1339,Strength,29.1,1.8,2,2,15.95
34,Female,101.5,1.57,184,120,55,1.02,601,Strength,17.7,2.3,5,,46.11
18,Female,89.8,1.66,185,140,54,2,1283,HIIT,28.4,1.9,,2,16.69
42,Male,43.5,1.56,192,159,57,1.96,555,,25.3,3.6,3,2,28.64
28,Female,121.1,1.75,163,149,68,1.57,716,Strength,21,3.3,5,1,26.5
18,Male,46.3,2,167,169,64,1.29,1556,Yoga,22.5,2.6,2,3,17.38
35,Male,40,1.71,162,133,69,1.99,840,Yoga,20.2,3.2,4,2,27.14
56,Female,64.2,1.79,196,165,58,0.97,667,Cardio,15.9,3.3,4,1,12.32
18,Female,56,1.82,170,131,62,1.55,1249,HIIT,,2,3,3,15.72
45,Male,43.8,,161,169,72,1.97,1783,HIIT,24.9,3.5,4,3,15.83
32,Female,90.5,1.63,184,166,50,1.46,1217,Strength,31.3,2,5,1,12.99
42,Female,40,1.81,177,145,59,1.71,1065,HIIT,26.6,1.5,3,1,23.25
54,Male,72.6,1.56,172,165,69,1.26,966,HIIT,26.1,3.5,2,1,31.41
18,Male,40,1.58,,164,52,1.08,1262,HIIT,24.7,3.2,4,1,28.07
34,Female,89.7,1.78,184,142,53,0.53,1662,HIIT,24.2,1.5,3,1,39.54
21,Female,59.7,1.65,191,138,68,0.95,539,HIIT,35,3.2,4,2,17.55
18,Male,42,1.82,188,137,67,0.77,589,HIIT,16.4,2,2,3,29.09
18,Male,57.9,2,168,156,50,1.05,689,Cardio,28.3,3.6,3,3,18.31
49,,50.2,1.7,164,169,73,0.75,622,Cardio,28,1.6,2,1,13.34
18,Female,40,1.8,187,158,71,1.24,665,\nStrength,24.1,1.7,2,2,14.93
18,Female,70.9,1.87,176,164,59,2,745,HIIT,28.2,3.2,4,2,15.74
26,Male,44,1.6,190,125,68,1.06,1246,Strength,21.1,2.7,2,2,15.5
31,Female,46.9,1.75,192,146,63,2,748,Cardio,15.3,1.7,4,,12.48
49,Male,47.5,1.79,161,169,61,1.43,957,Strength,25.8,3,4,1,13.47
38,Male,69,1.82,170,133,53,1.24,1610,Strength,30.1,2.8,2,2,20.05
18,Female,59.1,2,181,123,72,1.94,901,HIIT,23.2,2.4,4,2,13.32
53,Female,40,1.66,192,169,72,1.11,,Yoga,27.5,2.8,4,3,22.65
18,Female,74.6,1.71,169,143,54,1.49,1213,,28.7,2,2,1,18.68
35,Male,98.6,1.55,184,141,59,2,1172,Cardio,27.8,3.2,2,2,23.47
29,Female,58.4,1.61,182,165,70,0.77,1259,HIIT,20.1,3.5,4,2,26.13
35,Female,76.1,1.81,,153,74,2,1119,HIIT,17.7,3.3,2,1,26.86
38,Male,93.7,1.66,168,169,68,1.97,875,Cardio,29,3.4,4,2,13.87
42,Female,88.6,2,171,166,72,1.11,1335,Yoga,18.6,2.2,5,2,18.3
18,Male,49.9,1.77,191,123,74,1.4,626,Strength,25.9,3.4,2,2,24.35
42,Female,99.9,1.6,189,169,58,1.85,1099,HIIT,32.6,2.2,2,1,15.78
26,Female,58.6,1.78,198,143,74,1.59,1008,Cardio,21.1,2.2,3,1,44.77
36,Male,57.4,1.58,192,152,70,1.38,1137,Yoga,18.3,3.2,2,1,20.91
47,Male,48.1,1.71,185,129,74,0.87,1177,Strength,28.1,2.6,3,3,12.32
30,Male,60.1,1.93,187,140,58,1.48,875,HIIT,29.7,3.1,5,1,24.29
23,Female,88,2,193,128,70,1.24,399,HIIT,23.9,2.8,3,1,31.33
39,Female,62.5,1.74,162,141,58,1.27,699,,24.2,1.8,3,1,17.6
38,Female,69.4,2,195,130,,1.34,1197,Strength,19.5,2.6,3,3,14.99
20,Female,69.3,1.75,180,120,72,1.06,1421,Yoga,24.6,3.2,4,2,25.22
18,Male,52.6,1.76,175,154,50,1.17,1783,Yoga,21,3,3,2,30.92
39,Female,65.6,1.7,172,148,68,0.87,1709,HIIT,20.2,1.5,4,3,14.83
45,Male,71.4,,179,140,52,1.56,1246,Strength,24.6,2.6,4,1,15.53
22,Male,80.6,1.71,176,139,60,2,957,Cardio,31,2.4,4,2,12.32
57,Female,43.5,2,172,159,59,1.73,530,Yoga,18.7,2.1,2,3,23.74
25,Female,72.6,1.7,161,168,51,1.28,1262,Strength,22,3.1,4,2,16.45
18,Male,87.5,1.76,169,160,60,2,1042,Yoga,22.4,3.3,2,3,21.79
50,Male,46.8,1.77,180,128,70,1.4,803,HIIT,17,3.3,4,1,21.83
27,Male,42.5,1.61,183,155,71,2,933,HIIT,22.9,1.6,2,1,
43,Male,83.5,1.96,168,169,54,1.47,1522,Strength,,2.1,4,2,24.03
18,Female,44.9,1.77,168,127,57,1.66,512,Strength,12.3,3.7,3,1,20.39
18,Male,63.9,1.71,164,140,66,1.48,785,Yoga,30.2,3.3,4,2,21.96
36,Female,67.5,1.71,173,,60,1.1,511,HIIT,20.6,1.5,4,1,18.75
24,Female,59,1.68,,132,56,1.17,1186,\tCardio,24.2,3.4,3,3,14.37
21,Male,90.1,1.72,184,138,68,1.35,1043,Yoga,27.1,2.1,4,3,22.34
18,Male,48.2,1.75,180,134,63,1.39,1053,Yoga,22.1,2.2,4,1,16.34
18,Male,78.1,1.75,184,158,50,,871,Cardio,31.6,2.5,2,3,17.61
31,Male,67.4,1.83,167,122,66,1.49,1032,HIIT,30.6,3.1,5,2,18.29
27,Male,44.1,1.56,169,,72,1.34,1124,Strength,10,3.1,2,1,20.18
26,Male,65,1.69,171,162,62,1.54,1066,Strength,16.6,3.5,2,2,29.56
33,Female,95,1.85,168,140,56,1.3,958,Strength,20.5,3.3,3,2,12.66
30,Female,65.3,1.76,192,161,57,1.16,1092,Cardio,32.1,1.9,4,3,23.82
59,Male,40,1.72,182,164,56,1.27,1783,HIIT,12.6,3.1,4,3,12.32
46,Female,82.9,1.74,194,165,52,2,1107,Cardio,24.3,3.1,3,3,14.4
18,Male,59.4,1.87,195,139,74,2,958,Yoga,14.9,2.7,3,2,36.72
49,Male,58.2,1.82,171,154,67,1.38,624,Strength,20.8,3.5,4,1,19.11
37,Female,77.3,1.58,180,140,61,1.57,1333,HIIT,23.5,1.5,2,2,12.32
22,Male,66,1.67,181,122,50,0.96,912,Cardio,26.3,1.5,3,2,15.29
29,Female,67.4,1.76,187,120,74,1.1,911,Cardio,21.4,2.3,5,1,19.6
31,Male,62.2,1.7,168,155,55,0.62,1596,Strength,35,3.2,2,1,16.7
45,,67.3,1.67,198,155,54,0.72,1006,Yoga,33.2,3.5,4,2,17.76
27,Female,59.6,1.73,182,139,71,1.42,1321,Strength,16.3,3.3,4,3,16.62
35,Male,40,1.72,182,120,70,1.22,1178,HIIT,14.6,1.9,4,2,17.87
24,Male,41.3,1.73,180,156,74,1.55,1285,HIIT,26.2,3.2,4,3,14.93
48,Male,97,1.73,172,122,74,1.7,903,Cardio,12.8,3.5,4,2,22.39
59,Female,47.2,1.68,185,159,70,1.49,704,Strength,15.4,2.2,4,2,23.79
49,Female,58.7,1.79,,120,67,0.9,900,Cardio,24.4,3.7,4,2,28.66
33,Male,65.7,1.97,167,144,53,1.1,872,Cardio,19.1,2,4,1,19.14
31,Male,80.2,1.74,187,141,72,1.23,1326,Strength,21.2,2.8,2,2,16.1
40,Male,59.3,2,166,141,74,1.44,801,Cardio,24.6,3.4,5,2,17.04
28,Male,61.1,1.74,163,156,59,1.89,1277,Cardio,21.5,3.4,2,2,
57,Female,79.4,1.55,160,164,50,1.55,1116,Strength,32.2,3.6,2,2,14.69
55,Male,86.2,2,189,159,66,1.78,462,Strength,27.2,,3,1,20.09
28,Male,59.3,1.79,189,128,69,0.91,877,Strength,24.8,2.1,4,1,28.16
23,Male,40,1.87,161,,74,1.5,1200,Strength,23.7,3.3,4,3,13.11
30,,61.8,1.88,189,142,73,1.02,1033,Cardio,23.7,2.3,4,1,21.86
30,Male,40,1.63,192,157,64,1.31,1078,HIIT,10,2.8,3,1,14.92
25,Female,61.4,1.7,172,166,72,1.28,1064,Yoga,32.5,3,3,2,19.45
46,Female,80.2,1.98,172,155,73,1.29,1355,Yoga,26.8,3.3,4,3,15.63
24,Female,89,1.61,,160,74,1.3,827,Yoga,23.8,3.1,3,3,30.63
28,Male,58,1.77,179,157,74,1.59,1145,Yoga,21.3,1.5,2,3,14.72
27,Male,53,1.91,172,123,54,1.09,655,Strength,34.4,3.1,3,2,21.18
23,Female,51.2,1.92,187,169,55,1.1,969,Yoga,25.3,2.7,2,1,16.98
26,Female,51.9,1.9,182,129,55,2,1418,Cardio,32.2,2.4,2,1,20.41
27,Female,56.3,1.7,191,134,72,1.61,1631,Yoga,23.4,3.3,3,1,30.84
,Male,92.4,1.52,197,135,59,1.12,1515,Cardio,25.9,3.2,3,2,16.46
59,Male,108.3,1.53,183,122,50,0.86,1071,HIIT,21.9,3.3,3,1,17.75
22,Female,71.5,1.81,195,164,51,1.52,935,Yoga,22,2.6,3,2,14.55
18,Male,89.4,1.84,168,168,69,2,968,Strength,17.3,2.6,5,2,14.77
32,Male,82.3,1.55,172,128,74,1.52,990,HIIT,26.7,2,3,1,20.15
35,Male,96.5,1.54,168,160,70,1.43,1573,Yoga,35,3.4,4,1,20.43
44,Male,40,1.91,181,124,71,1.55,1545,Cardio,26.5,3.4,3,1,35.01
43,Male,65.2,1.5,182,157,68,2,1417,Yoga,26.7,3.1,4,2,14.95
38,Female,77.1,,177,169,72,1.73,1538,Cardio,26.4,3.6,3,1,13.97
18,Male,53.9,1.62,170,169,72,1.38,810,Cardio,24.7,3.4,3,1,29.34
42,Male,,1.87,176,127,74,1.82,693,Yoga,10,2.1,4,1,20.3
22,,69.6,1.8,186,136,73,1.37,1081,Cardio,28.6,2,5,3,21.14
18,,62.9,1.72,191,157,63,1.31,514,Strength,26.3,2.2,3,2,12.32
18,,69.1,1.64,183,139,73,1.32,1002,,26,1.5,5,1,16.27
37,Female,61.3,1.96,193,169,65,2,947,Yoga,31.1,3.5,5,1,24.18
37,Female,78.5,1.5,189,169,60,1.67,954,HIIT,17.9,2.4,3,3,21.98
41,Female,40,1.78,182,155,68,1.51,1376,HIIT,29.8,2.1,2,3,12.32
18,Male,49.9,1.75,182,158,74,2,1032,Strength,23.1,3.1,5,1,17.64
46,Female,69.9,1.68,173,168,64,1.43,911,Strength,35,3.4,3,2,18.95
24,Male,62.5,1.58,175,137,51,2,1231,Strength,32.2,3.6,4,1,36.26
22,Male,40,1.67,162,146,59,1.04,807,Strength,24.1,1.5,3,1,13.05
53,Female,46.8,1.69,163,169,56,1.32,1017,HIIT,27.6,2.4,4,2,29.04
44,Female,75.2,1.9,185,131,65,0.94,1303,Cardio,18,3.4,3,2,
43,Male,70.1,1.72,187,129,54,1.43,984,HIIT,25,1.6,3,1,25.52
18,Male,40,1.7,190,120,64,1.33,1589,Yoga,26.8,3.1,2,1,18.76
59,Female,73.6,1.6,164,158,58,1.35,1216,\nStrength,30,2.3,5,2,15.78
18,Male,40,1.65,160,144,73,2,1078,\tYoga,17.4,3.5,2,1,21.36
43,Male,72.6,1.64,166,152,54,1.22,1188,Cardio,21.3,2.5,2,2,12.97
36,Male,87.6,1.81,179,140,56,0.9,645,HIIT,22.1,3.6,2,1,18.22
26,Female,110.3,1.94,171,,51,1.25,1376,HIIT,30,3.7,3,1,12.32
,Female,79,1.68,195,158,61,2,1410,Strength,31.1,2.5,5,2,14.2
40,Male,40,1.73,194,149,72,1.06,811,HIIT,19.4,2.7,2,3,36.56
18,Male,123.8,1.62,164,167,59,1.43,303,Strength,22.3,3.6,2,3,24.63
59,Female,40,1.84,167,137,53,1.87,681,Yoga,23.7,2.2,2,2,14.55
38,Male,41.4,1.71,183,168,73,0.94,1253,Yoga,30.8,3.2,3,1,14.6
33,Female,60.5,1.76,160,146,67,0.58,1172,HIIT,26.4,,4,2,28.93
45,Female,40,1.69,162,147,68,1.19,979,HIIT,25.2,2.4,4,2,12.75
44,Female,52.8,1.71,198,132,63,2,1783,HIIT,21.7,3.4,4,2,12.32
39,Female,69.9,1.85,164,147,50,1.3,1562,Yoga,27.7,3.7,3,3,12.87
25,Female,51,1.76,167,127,70,0.72,1119,,25.1,2.6,4,3,12.64
50,Female,92.6,1.91,171,137,54,1.6,303,Strength,25.2,2.3,3,1,21.42
21,Female,52.7,1.53,182,134,50,1.19,1090,Strength,31.5,3.4,3,3,25.06
49,Male,40,1.75,166,169,59,1.3,,Yoga,19.7,1.6,4,2,19.15
20,Male,40,1.78,192,149,57,0.93,1075,Strength,25.5,1.9,4,1,22.57
50,Male,40,1.92,168,144,55,1.48,692,Cardio,16,2.5,5,1,18.29
52,Female,81.7,1.59,164,136,67,1.91,1025,HIIT,28.2,3.4,2,2,19.89
41,Male,65.9,1.93,188,124,74,1.36,1419,Yoga,22.6,1.5,2,2,17.6
22,Male,55,1.88,176,131,74,2,1445,Yoga,16.3,1.9,,1,26.04
19,,92.2,1.73,170,150,74,2,538,Cardio,10,2.2,2,1,15.3
31,Female,67.9,1.7,163,124,68,1.43,1338,Cardio,13,3.1,5,1,13.87
32,Female,86,1.6,164,144,65,1.09,1196,HIIT,17.4,1.5,2,1,20.18
29,Female,60.6,1.83,172,161,60,1.32,760,Strength,25,3.3,5,2,18.03
34,Male,47.8,1.69,182,153,68,1.63,1249,Yoga,20.2,1.5,4,3,12.32
19,Male,79.4,1.77,165,150,73,1.23,1148,Cardio,24.1,3.3,3,2,22.64
33,Female,62.4,1.72,168,164,74,0.91,1042,Yoga,27.1,3.4,5,2,29.29
47,Male,71.3,1.83,186,163,68,0.95,837,Strength,22.6,1.5,5,2,18.61
37,Male,116.2,1.65,194,160,74,1.98,1036,Yoga,22.1,2.4,4,1,23.58
50,Male,55.8,1.81,161,126,55,1.32,909,Yoga,23.6,2.9,4,2,12.32
49,Male,53.5,1.79,167,158,64,1.31,1268,Yoga,,1.9,2,1,27.68
53,Female,55.9,1.78,182,125,58,1.45,1308,Yoga,21.1,1.5,3,2,12.32
29,Female,80.7,1.74,192,121,72,1.43,839,Strength,26.5,1.5,4,1,12.32
46,Male,69,1.88,177,120,74,1.63,1183,Strength,23.4,3.6,4,2,14.54
34,Male,60.5,1.8,171,120,68,1.57,1452,Cardio,27.1,3.2,3,1,12.32
44,,71.6,1.73,167,138,71,1.45,1000,Strength,23.6,2.6,2,3,21.12
51,Female,96.3,1.88,166,127,59,1.32,1362,Strength,28.1,1.9,2,2,16.31
47,Male,48.4,1.65,196,148,60,1.29,1357,Cardio,11.3,1.5,3,2,12.51
52,Male,77.8,1.59,183,135,50,1.37,949,Cardio,27.3,2.9,4,2,23.73
25,Male,85.5,1.8,168,156,69,1.39,644,Strength,15.7,3.3,2,1,12.32
28,,74.9,1.74,196,163,54,1.24,1144,Cardio,30.7,1.6,2,1,25.53
30,Male,67.4,1.79,185,169,59,1.27,1398,Cardio,18.9,3.4,5,3,25.14
36,Male,71,1.66,168,131,74,1.1,567,HIIT,20.3,3.7,4,1,28.31
24,Female,50.5,2,177,129,70,1.33,1213,Strength,26.6,,2,2,16.2
55,Male,94.8,2,192,169,50,1.38,1458,Strength,23.2,2.3,3,3,
,Female,73.6,1.79,195,146,73,1.13,636,HIIT,14.1,2.7,2,1,12.32
21,Male,47.8,1.62,173,129,74,1.59,1638,HIIT,25.8,2.4,3,2,12.32
41,Male,40,1.74,166,154,71,1.13,1356,HIIT,20.1,2.8,3,3,15.67
51,Male,43.9,1.78,194,136,51,0.98,1293,Strength,27,1.5,2,1,15.75
47,Male,59.6,1.88,192,125,50,1.32,1108,Yoga,30.6,2.3,3,2,12.32
22,Female,56.1,1.91,167,122,70,1.4,1183,Cardio,24.9,2.7,2,1,12.32
18,Male,56.5,1.93,177,156,52,1.53,1419,Strength,22.3,3.5,4,2,16.43
39,Male,83.7,1.52,187,152,58,1.65,1647,Strength,29.3,3.2,,,15.84
34,Female,79.1,1.73,188,151,58,1.32,1191,Yoga,30.7,3.6,,2,18.31
46,Female,56.7,1.97,199,160,56,1.3,1215,HIIT,26.4,2.4,3,1,16.02
22,Female,48.9,1.84,185,164,73,1.13,,Yoga,27,1.5,3,3,22.64
43,Female,47.1,1.81,166,149,69,0.76,998,HIIT,22.2,3,4,1,29.69
51,Male,65.1,1.85,185,130,60,2,717,Cardio,22.2,1.9,2,2,15.62
55,Female,60.6,1.68,185,124,70,1.35,1447,HIIT,24,2,4,1,18.66
42,Female,101,1.56,186,168,56,1.19,650,HIIT,27.6,3.6,4,1,24.46
31,Female,66.4,1.76,175,140,69,1.55,640,Strength,24.7,3.5,4,2,29.07
49,Male,97.1,2,174,153,74,1.26,763,Strength,10,2.6,2,2,23.64
29,Male,73.7,1.88,192,141,59,1.68,769,Cardio,,3.2,3,3,24.55
44,Male,86.1,1.73,178,140,51,1.12,1244,Strength,22.7,3.4,3,3,19.23
37,Female,58.7,1.78,195,154,59,1.34,1015,Cardio,29.5,2.8,2,3,18.67
37,Female,69.1,1.74,175,127,53,1.61,1411,Strength,31.9,3.6,2,2,18.07
46,Female,73,1.73,164,150,54,1.87,1037,Cardio,25.1,3.4,2,,15.27
53,Male,67.3,1.5,199,151,60,1.04,593,HIIT,15.8,3.4,4,2,12.32
47,Female,59.2,1.67,182,169,57,1.06,1252,HIIT,31.5,2.2,3,2,23.65
46,Female,119.6,1.71,176,129,53,1.26,1144,HIIT,23.9,1.7,4,2,12.32
53,Male,80.1,1.69,188,167,74,2,1196,Strength,13,2.3,3,1,14.85
42,Male,59.1,1.65,183,138,71,2,957,Strength,21.2,2,2,2,35.06
48,,88.8,1.91,183,156,67,0.87,853,Cardio,32.5,3.3,3,2,19.12
36,Male,53.4,1.75,177,120,70,0.68,1257,Yoga,26.7,2.7,5,2,35.28
18,Male,98.9,1.58,181,126,68,1.48,1330,Cardio,27.5,3.1,3,2,12.32
41,Female,112.2,1.81,188,159,53,1.16,995,Yoga,30.3,3.3,3,2,18.28
30,Male,101.6,1.73,190,133,56,1.38,1047,Cardio,22.1,3.2,3,3,40.75
19,Female,74.7,1.85,194,127,74,0.65,1105,Cardio,19.4,3.6,2,2,16.46
22,Male,68.4,1.86,175,129,66,1.99,895,Cardio,20,3.6,5,1,16.16
22,Female,86.2,1.93,167,145,62,1.74,640,Strength,18.6,3.3,3,1,29.48
51,Male,98.9,1.85,181,138,70,1.49,859,Cardio,25,1.5,2,2,25.3
27,Female,50.6,2,174,129,68,1.34,1179,HIIT,31,2,5,2,24.12
56,Female,68.1,2,168,160,74,1.39,1350,Yoga,23.8,3.3,5,2,17.05
22,Female,53,1.83,199,129,74,0.88,540,Strength,11.9,3.1,4,2,15.29
28,Male,59.2,1.68,187,127,54,1.53,466,Strength,27.3,2.9,2,3,12.32
35,Male,40,2,169,138,72,1.08,576,Strength,31.2,2.9,2,3,20.21
48,Male,90.4,2,193,156,59,1.78,1246,Cardio,24.4,2.3,3,2,13.35
25,Female,74.6,1.63,182,160,60,0.93,1028,HIIT,14.8,3.5,3,2,18.08
24,Male,92.2,1.71,194,141,59,2,1580,HIIT,32.9,2.4,4,2,
35,Female,56.2,1.74,170,151,66,0.99,1215,Strength,26.9,2.9,4,2,20.61
18,Male,63,1.66,191,168,74,0.89,456,Strength,24.5,2.7,3,2,14.75
50,Female,76.1,1.82,191,146,54,1.12,817,Cardio,25,3.2,2,1,14.5
52,Male,66.6,1.56,175,152,60,1.04,1783,Yoga,15.4,2.7,4,2,40
32,Female,45.9,1.83,192,120,55,1.49,808,Yoga,22.4,1.5,3,1,17.82
31,Female,86.4,1.59,187,169,50,2,1336,Yoga,27.6,1.6,4,1,14.57
30,Female,54.9,1.93,187,165,70,0.94,836,Cardio,26.7,3.7,4,2,13.37
21,Male,91.2,1.7,194,142,62,0.91,1090,Strength,33.3,3.7,3,2,17.63
46,Male,54.2,1.91,171,169,67,0.9,771,HIIT,14,2.6,3,3,26.79
22,Female,60.8,1.77,169,130,74,1.1,1298,Cardio,25.4,3.3,2,3,13.58
30,Male,46.8,1.67,164,153,74,1.53,684,Cardio,15.2,2.3,4,2,12.32
31,Female,48.1,1.58,181,125,70,1.88,695,HIIT,23.1,3.3,3,2,26.69
36,Male,56.5,1.61,189,123,58,2,1093,Yoga,32.6,3.5,3,3,25.74
55,Female,78.4,1.59,171,132,74,2,1182,HIIT,13.6,3.7,3,1,12.32
44,Male,78.2,1.8,171,169,59,1.79,1730,HIIT,17,3.5,5,1,18.17
34,Female,74.2,1.83,194,153,60,1.24,1632,Strength,27.3,3,4,2,20.18
57,Female,84,1.95,199,142,51,1.66,872,Strength,17.5,3.4,4,1,21.88
47,Female,79.2,1.81,160,169,74,1.28,595,Yoga,19,3.3,2,2,20.55
20,Female,102.9,1.61,172,146,70,1.57,1113,Yoga,23.5,3.2,3,3,21.82
30,Female,57.8,1.89,168,165,67,1.38,1099,Strength,25.6,1.5,,1,15.3
37,Female,94.5,1.73,198,135,74,1.16,717,Strength,23.8,1.6,4,3,17.52
54,Male,70.9,1.7,\n175,131,74,1.5,750,HIIT,29.4,3.7,4,2,13.4
54,Female,52.6,1.81,167,167,53,1.46,988,Yoga,26.7,2.4,2,1,27.97
31,Female,50.9,1.51,174,130,58,2,1743,Strength,26.9,3.5,,1,22.5
43,,58.9,1.85,174,139,67,1.41,1217,,19.9,2,2,1,20.61
22,Female,69.3,1.56,164,136,50,1.33,1084,Yoga,30.7,3.4,3,,23.56
18,Female,93.3,1.71,199,,50,1.59,1166,Yoga,22.3,2.6,4,1,24.01
24,Female,91.2,1.82,181,158,74,1.49,1263,,26.9,1.8,2,2,12.74
45,Female,40,1.59,199,144,70,1.2,,HIIT,15.3,,3,3,19.33
34,,80.6,1.76,177,163,,2,1783,Cardio,27.5,3.4,4,1,13.09
25,Male,40,1.56,195,132,57,0.65,499,Yoga,16.7,3.4,3,2,12.32
45,Male,76.6,1.77,181,122,64,1.82,1186,Cardio,19.1,3.5,2,1,20.79
25,Female,61.1,1.72,176,162,53,0.92,1378,Strength,15,3.4,4,1,12.62
51,Female,58.8,1.78,172,120,54,2,1113,HIIT,31.5,2.3,4,1,
31,Female,48.4,1.81,178,120,71,1.45,1004,Strength,23.1,1.5,3,1,31.33
28,Female,77.8,1.62,164,161,70,1.52,1095,Strength,23.1,3.5,5,2,21.22
48,Male,119.9,1.73,165,156,66,0.99,781,Cardio,18.5,3.6,3,1,18.18
44,,64.5,1.5,173,166,50,0.54,874,Yoga,25.2,1.9,3,2,12.32
39,Female,84,1.79,176,126,72,1.5,1057,HIIT,28,3.3,3,1,30.44
34,Male,80.7,1.8,193,153,57,1.18,930,Yoga,27.2,2.3,3,1,13.63
24,Female,102.6,1.67,190,132,73,1.41,800,Yoga,28.3,1.5,3,2,18.79
51,Female,80.4,1.64,181,,74,1.07,913,Cardio,26.4,1.5,5,3,12.32
42,Female,57.1,1.84,199,163,74,1.2,303,Strength,21.3,2.7,3,1,14.84
23,Female,60.5,1.88,166,149,63,,907,Yoga,23.5,3.1,4,1,15.38
18,Female,98.5,1.99,187,153,57,1.95,859,Yoga,22.7,1.9,3,2,15.7
23,Female,68,1.74,175,120,68,1.01,694,HIIT,24.5,3.5,5,2,17.47
18,Male,40,1.82,177,127,74,0.73,352,Yoga,26,3.4,3,2,28.42
50,Male,41.9,2,199,161,74,1.24,953,Cardio,24.6,3.2,3,2,16.02
18,Male,60.5,1.57,177,131,59,1.3,1286,HIIT,28.1,2.6,3,2,19.42
32,Male,40,1.61,176,156,59,,582,Yoga,15.1,3.4,4,1,25.61
46,Male,40.7,1.66,190,169,58,0.92,760,HIIT,27.2,3.5,5,2,18.76
18,Female,53.8,1.7,197,120,69,1.01,1274,Strength,31.4,2.4,3,3,15.72
18,,115.4,1.79,188,168,72,2,859,Yoga,31.2,1.8,3,2,19.06
46,Male,54,1.82,177,163,63,1.4,979,Yoga,33.7,3.7,2,2,14.05
24,Male,105.7,2,187,145,58,1.48,1002,Strength,25.9,2.5,3,1,43.01
31,Male,87.3,1.65,176,137,74,0.91,1262,Yoga,31.5,,4,2,26.33
30,Female,57.7,1.76,160,152,59,1.82,314,Cardio,23.2,1.8,4,3,12.32
24,Male,72.7,2,190,131,56,1.33,1126,Cardio,12.6,3.6,2,2,23.15
25,,102.4,1.68,188,141,56,1.66,1553,Yoga,18.6,1.7,2,2,16.38
29,Female,81.4,1.89,177,137,70,1.01,503,Yoga,14.5,1.5,,1,21.8
39,Male,81.9,1.72,187,156,53,1.19,1329,Yoga,24.2,3.4,4,2,12.91
48,Female,65.1,1.79,189,120,74,1.26,325,Strength,23.5,2.1,5,3,28.56
28,Female,67.8,1.57,198,135,67,2,1062,Strength,30.5,1.5,3,1,14.86
25,Male,56.9,1.61,183,130,,1.33,804,HIIT,20.1,1.5,4,2,23.68
53,Female,55,1.6,181,133,74,1.25,645,Strength,28.2,2.4,4,1,21.6
38,,42.6,1.61,172,122,69,1.13,462,Yoga,14.9,2.5,2,,15.67
50,Female,61.5,1.57,199,139,71,0.95,798,Cardio,22.5,3.5,4,2,17.3
27,Male,64.2,1.89,188,143,51,2,1662,Strength,23,3.1,4,2,17.41
38,Male,76.7,1.99,192,131,74,1.14,1263,Strength,28.3,1.6,5,1,14.98
51,Male,100.2,,164,153,72,1.16,1499,Yoga,10,1.7,4,1,16.37
54,Female,58.1,1.57,182,169,74,1.59,649,Cardio,19.7,3.4,3,2,23.19
33,Female,58.2,1.62,170,163,60,1.21,1524,Cardio,26.5,2.8,3,2,12.32
30,Male,80.1,,192,153,50,0.55,1222,Strength,31.7,1.5,3,1,19.51
46,Male,55.1,1.62,170,166,52,1.03,1370,Cardio,34.4,1.8,2,1,26.04
32,Female,51.2,1.9,162,160,60,1.25,988,Cardio,21.6,2.5,3,2,22.51
43,Male,40,1.95,162,138,58,2,918,Yoga,26.4,1.8,4,2,18.66
42,Male,45.3,1.53,193,128,74,1.05,810,,21.1,2.4,2,2,17.18
22,Female,54.1,1.76,178,127,65,1.42,501,Strength,29.2,3.7,4,1,22.15
24,Male,58.8,1.89,163,150,73,1.28,800,Strength,27.1,2.5,2,2,15.86
36,,55.5,1.69,198,132,71,1.85,1590,Cardio,15.3,2.2,3,2,27.8
27,Female,40,1.8,162,140,74,1.42,901,HIIT,22.2,2.5,5,1,29.73
41,Male,53,1.62,161,142,61,1.42,761,Strength,21,3.3,3,1,20.51
18,Female,83.5,1.67,162,169,70,1.54,1389,Cardio,12.1,1.7,2,1,33.8
51,Female,58.6,2,162,150,55,1.28,1030,Strength,16.7,3.4,3,2,37.28
18,Female,40,1.9,166,169,57,1.28,1556,Strength,17.4,2.1,2,3,19.51
44,Female,91.2,1.87,194,141,66,1.66,1345,Yoga,22.7,2.5,2,1,15.5
31,Male,60.7,1.62,198,120,71,1.35,967,Yoga,31.2,3.2,4,2,23.83
36,Male,62.2,1.5,192,132,61,2,913,HIIT,11.4,1.5,3,2,22.96
23,Female,62.1,1.83,168,149,51,1.39,1135,Yoga,26.1,2,3,2,21.35
24,Male,79,1.62,177,169,73,1,887,Yoga,25,3.5,2,3,12.32
38,Male,58.4,1.65,169,141,53,2,1109,Yoga,24,2.3,2,1,35.49
31,Female,75.8,1.7,199,129,60,0.87,922,HIIT,24.2,1.9,2,1,15.58
55,Female,65.5,1.94,170,123,74,1.37,787,HIIT,28.7,3.1,3,1,17
52,Female,81,1.62,178,146,53,1.44,1628,Strength,25.4,2.5,4,1,17.41
24,Female,84.5,1.84,171,128,63,0.7,1067,,32,2.4,2,1,12.32
18,Male,48.7,1.75,187,141,70,2,1266,\tCardio,34.4,2.6,3,1,38.48
30,Male,88.3,1.72,195,158,70,,1327,,12.3,3.6,3,2,33.99
53,Female,,1.55,190,150,71,,1006,Strength,22.8,3.5,4,2,29.07
56,Female,85.2,1.6,163,151,51,1.25,672,Yoga,26.5,1.7,3,1,21.05
,Male,68.7,1.81,192,169,62,1.08,1783,Strength,10,3.4,,1,32.2
40,Male,97.4,1.66,166,149,60,1.16,700,HIIT,20.8,,2,2,25.05
33,Male,73.3,1.86,187,123,60,1.22,1254,Cardio,35,1.9,4,1,15.26
33,Female,44.9,1.73,176,158,74,2,905,Strength,27,2.1,3,2,23.8
39,Male,59.9,1.71,174,131,50,1.41,733,Yoga,24.7,2.9,2,2,19.74
40,Male,43.9,1.92,186,143,74,0.83,1018,Yoga,12,3.1,3,1,29.23
20,Male,40,1.52,164,144,65,1.53,629,Strength,22.6,3.1,4,1,22.23
26,Male,65.9,1.99,166,127,71,1.08,1218,Cardio,22,2.6,4,2,13.91
21,Female,59.8,1.65,162,169,74,1.5,1130,Cardio,30.4,3.2,5,3,12.32
36,Female,77.7,1.66,193,120,72,1.21,1115,Strength,11.3,2.2,2,3,22.23
30,Male,61.6,1.77,170,130,74,2,1068,Yoga,24.3,1.5,5,2,24.78
18,Female,44.2,1.64,171,164,66,1.14,1083,Yoga,16.1,2.2,5,2,18.36
22,Male,63.7,1.85,192,122,53,1.06,1032,Yoga,24.4,2.5,3,3,13.95
45,Male,54.4,1.55,182,139,74,2,1179,HIIT,24.3,3.1,5,3,12.32
43,Female,93.8,1.65,170,162,61,1.37,848,Strength,,2.8,3,1,15.58
18,Female,77.7,1.55,178,131,67,1.4,1259,Strength,14.8,2.4,3,2,12.32
18,Male,57.6,1.74,172,120,74,1.46,635,Strength,15,3.2,2,3,12.8
20,Male,75.6,1.74,192,128,72,1.86,906,Cardio,21.4,3.3,4,2,34.73
47,Male,85.5,1.84,172,152,68,0.98,773,Cardio,24.1,2.6,2,2,19.61
25,Male,62.4,1.59,166,151,66,1.27,903,,11,3,4,1,32.63
31,Female,53.5,1.68,180,155,57,0.86,875,Strength,22.6,3.3,2,1,20.61
47,Male,78.8,1.82,167,144,66,1.66,1163,Cardio,31.7,2.8,4,2,15.78
20,Male,40,1.97,173,133,74,2,916,Cardio,18.8,2.3,2,1,13.57
56,Male,51.5,1.66,198,167,70,2,843,Strength,24.2,2.4,3,3,25.65
24,Male,80.9,1.74,181,128,61,1.19,1705,HIIT,10,2.7,4,1,12.32
29,Female,85.3,1.68,161,133,74,1.45,1269,Cardio,26.1,2.5,4,3,15.99
18,Female,47.8,1.73,162,136,56,1.42,562,Cardio,23.9,3.4,3,1,14.48
36,Female,87.9,1.54,177,129,58,1.93,1010,Cardio,21.1,3.3,3,1,29.54
49,Female,43.6,1.68,170,124,73,0.94,739,Yoga,27.6,3.5,4,2,30.46
40,Female,55.7,1.6,184,133,72,1.4,749,Yoga,23.7,2.6,4,2,24.88
20,Female,73.5,1.87,167,145,68,2,1338,HIIT,21.9,3.5,3,,22.35
31,Female,52.7,1.65,199,138,74,1.92,1102,HIIT,24,3.3,2,3,18.38
47,Female,87.1,1.7,174,160,63,1.4,562,HIIT,26,3.7,5,1,26.61
47,,71.5,1.79,162,169,65,1.84,822,HIIT,29.1,2.3,5,2,25.83
48,Female,57.3,1.9,172,,55,1.62,877,Yoga,10,2.8,2,2,38.13
54,,40,1.75,174,166,66,1.58,409,Cardio,27.9,3.5,5,2,17.72
44,Male,94.4,1.82,182,140,57,1.38,1369,HIIT,20.7,3.2,3,1,22.79
46,Male,44.9,1.93,177,154,58,2,1434,HIIT,31.4,3.5,4,2,12.32
55,Male,61.9,1.74,163,140,73,0.97,598,Strength,23.6,3.1,2,1,27.13
24,Male,83.4,1.7,162,169,51,1.87,879,Yoga,26.4,3.3,4,1,21.68
18,Female,83.6,1.84,186,137,73,1.33,1338,Strength,35,2.6,2,2,30.41
18,Male,87.3,1.71,199,145,65,1.16,1783,Cardio,30,3.3,3,3,12.32
18,Female,48.6,1.72,180,136,72,1.38,1185,Strength,23.5,1.8,,2,21.68
18,Female,80.7,2,184,142,74,0.72,1221,Yoga,25.6,1.9,2,2,18.28
33,Female,62.6,1.71,192,158,57,1.99,1081,Yoga,31.3,3.5,2,2,31.79
19,Male,41.9,1.69,176,138,74,1.89,1010,Yoga,27.9,2.6,2,2,17.97
58,Male,47.6,1.84,182,155,66,1.59,635,Yoga,11.2,2.6,4,3,13.65
18,Female,129.9,1.76,168,135,50,1.3,1208,HIIT,25.1,2,3,2,13.89
58,Female,73.3,1.69,180,156,72,1.6,1350,Yoga,25.4,3,4,1,38.45
47,Male,45.4,1.81,189,128,55,1.01,662,Strength,28.6,3.6,4,1,29.15
47,Male,50.6,1.65,192,169,63,1.36,594,Strength,25.5,2.2,5,2,28.24
56,Male,54,1.92,190,129,73,0.61,985,HIIT,21.6,2.5,3,2,12.32
34,Female,73.1,1.73,166,161,69,1.64,765,Yoga,27,3.3,4,2,21.47
36,Male,47.2,1.83,,146,54,1.3,775,HIIT,29.9,3.4,4,1,13.01
21,Female,48.7,,198,162,56,1.06,1503,HIIT,10.1,3.4,2,2,23.7
29,Female,66.1,1.63,181,169,71,1.48,666,HIIT,30.6,1.6,5,1,17.15
18,Male,59,1.78,173,169,51,1.07,904,Strength,18.9,3.2,2,3,12.32
33,Female,94.2,1.86,172,148,61,1.34,685,Cardio,28.9,1.8,3,1,22.89
38,Male,40,1.86,187,126,71,1.6,1059,Cardio,14.7,3,2,2,12.32
18,Female,73.6,1.53,186,128,50,1.46,1222,Cardio,25.2,2.3,3,1,14.92
50,Male,69.1,1.88,,131,55,0.99,777,Yoga,19.9,3.7,3,1,17.62
31,Female,60.2,1.75,166,155,57,0.92,819,Cardio,10,3.2,5,1,12.32
40,Male,73.8,1.85,185,165,59,1.99,1485,,27.9,2,4,1,22.4
18,Male,72.8,1.84,174,152,62,1.32,730,Cardio,23.5,2.1,2,3,12.32
33,Female,40,1.63,165,159,74,2,935,Yoga,28.2,1.6,2,3,12.98
33,Female,99.6,1.72,164,169,70,1.41,962,HIIT,23.6,3.7,5,2,28.7
48,Male,71.5,1.71,183,151,62,1.05,,Strength,22,2.7,4,3,20.39
55,Male,64.4,1.76,163,144,74,1.48,717,Cardio,26.7,1.7,2,3,21.26
50,Female,56.4,1.67,193,128,59,1.9,1190,HIIT,17.5,3.7,2,2,12.32
21,Male,45.2,1.73,198,156,59,1.07,1562,Cardio,24.2,2.8,4,2,22.25
49,Female,86,1.5,192,127,65,1.79,636,HIIT,22.1,1.8,4,3,
49,,70,1.64,182,134,71,1.5,1132,Cardio,29.2,,4,3,18.38
33,Female,60.7,2,188,169,74,1.42,705,Cardio,23.3,3.2,4,2,21.91
42,Male,53.6,1.86,199,167,62,2,1096,Strength,21.9,3.4,3,1,20.71
35,Female,64.3,1.79,188,148,62,1.63,1192,HIIT,16.3,2.2,5,2,13.91
18,Male,78,1.51,182,169,64,1.06,990,Strength,31.4,3.1,3,2,12.32
46,Male,50.2,1.8,193,132,74,1.21,893,HIIT,28.4,3.4,3,3,15.85
29,Female,57,1.62,188,126,70,2,998,Yoga,17.9,3.4,4,1,13.32
50,Male,87.6,1.67,172,156,74,0.97,1005,,23,2,4,2,23.76
20,Female,86,1.69,183,136,58,1.16,861,Strength,23.3,3.6,5,,28.85
28,Female,43.3,1.78,193,128,72,1.27,1479,HIIT,26.3,3.4,3,1,31.04
18,Male,65.9,1.78,170,135,69,2,1734,Yoga,23.9,3.1,3,1,24.81
18,Female,61,1.51,173,146,58,2,1403,Cardio,21.7,2.1,2,2,12.32
22,Male,71,1.72,192,128,59,1.44,1436,Cardio,28.5,3.2,3,2,17.82
44,Male,56.7,1.77,194,161,68,1.47,,Strength,28,3.5,2,3,19.97
42,Female,57.3,1.76,174,131,74,1.13,841,Yoga,22.1,1.9,4,3,12.46
26,Male,95.2,1.68,163,142,68,0.71,1196,Strength,24.2,3.7,4,2,19.46
38,Male,71.7,1.71,187,,74,1.39,542,Yoga,26.5,3.1,3,1,12.32
49,Female,68.8,1.66,190,137,63,2,1023,Yoga,26.2,2.6,2,1,15.5
43,Female,69.7,1.75,193,162,53,0.52,1262,Cardio,26.1,1.5,3,2,22.68
34,Female,102.9,1.64,188,124,74,1.24,700,Strength,24.2,3.3,4,1,14.76
23,Female,90.5,1.5,182,148,67,1.16,1204,Strength,23.3,2.8,2,2,15.69
29,Female,40,1.72,194,127,68,1.51,1005,HIIT,27.1,2.1,2,1,21.98
31,Male,81.9,1.63,168,126,56,1.17,760,Cardio,23.1,2.1,4,2,12.32
38,Male,99.6,1.6,173,132,56,1.01,1128,Strength,30.6,3.4,2,2,16.92
18,Female,65.7,1.72,180,169,56,2,1005,HIIT,27,3,3,2,21.61
18,Male,,1.84,179,136,74,1.52,1256,Strength,22.5,3.4,2,2,18.9
41,Female,85.7,1.66,170,134,74,1.69,475,Yoga,11.1,1.5,4,1,17.33
29,Male,62,1.74,181,158,53,1.15,549,Yoga,22.5,2.2,,,16.32
45,Male,70.9,2,198,128,73,1.19,1064,HIIT,27.8,1.5,3,1,27.46
49,Female,59.2,1.55,185,169,63,1.32,1169,Yoga,25.1,1.7,4,1,27.18
29,Male,83.7,1.8,190,149,74,1.43,1157,Cardio,16,3.5,,1,13.59
55,Female,53.8,1.52,191,136,55,1.17,1102,HIIT,20.4,3.6,3,2,23.84
18,Female,68.1,1.66,160,120,65,1.43,1343,Cardio,27.2,3.3,4,1,25.77
41,Female,105.1,1.67,194,127,68,1.3,1068,Strength,30.6,3.5,3,3,17.65
24,,45.5,2,169,164,60,1.82,1297,HIIT,24.9,2.2,3,1,17.6
51,Male,58.8,1.63,188,155,59,1.1,897,Cardio,24.7,3.3,2,1,21.73
20,Male,52.9,1.8,163,159,57,1.45,1117,Strength,27.1,3.3,3,1,27.72
43,Female,57.1,1.96,196,149,51,1.88,858,Cardio,29.9,3.2,5,,13.07
23,Male,68.6,1.8,196,138,65,1.08,578,Strength,16.8,2.6,2,1,21.41
39,Male,76.2,1.77,164,169,74,2,1196,HIIT,28.7,3.3,2,1,17.38
47,Male,68.2,1.58,164,140,72,1,1316,HIIT,28.1,2.6,2,3,16.35
18,Male,40,1.64,160,152,56,1.2,1317,Cardio,19.2,1.8,3,1,28.02
28,Male,82.4,1.57,171,169,55,1.07,1218,HIIT,31,2.5,4,,12.47
29,Male,46.8,1.7,195,153,59,1.33,1178,Cardio,24.7,3.4,3,2,26.27
21,Male,62.2,1.71,190,142,58,2,1757,Yoga,18.5,3.1,,2,16.06
33,Male,58.1,1.65,168,130,60,1.18,850,Strength,22.4,3.1,3,2,12.32
,Female,82.7,1.79,191,124,,1.15,823,HIIT,31.8,1.8,3,1,12.32
45,Female,55.2,1.9,175,156,67,1.39,854,Strength,24.5,2.5,5,1,12.32
18,Female,65.5,1.69,178,134,53,1.29,405,Cardio,24.4,,4,2,12.32
22,Male,52.3,1.66,190,146,59,0.76,1186,Yoga,21.4,3.3,2,2,15.38
37,Female,40,1.66,176,134,57,2,931,Strength,27.2,2.7,3,2,23.21
28,Female,93.2,1.71,176,149,60,1.4,1348,HIIT,27.2,2.1,,2,14.12
18,Female,53.9,1.73,177,157,73,1.24,1483,Cardio,10,3.5,3,1,15.92
52,Male,54.9,1.67,167,144,69,2,997,Strength,16.4,2.5,4,2,18.27
18,Male,62.7,1.87,184,141,59,1.59,708,Cardio,10.3,1.5,2,2,13.14
57,Female,98.3,1.71,162,126,61,0.95,366,HIIT,22.7,3.3,3,2,20.61
40,Female,71.4,1.92,171,167,57,0.62,1412,Strength,10,1.8,3,1,18.19
33,Male,74.6,1.58,172,165,68,1.4,1271,Yoga,15.6,2.7,2,2,13.23
51,Male,47.1,2,177,163,65,1.29,1140,Yoga,21.9,2.8,5,1,14.85
46,Female,49.2,1.5,184,120,73,2,832,Yoga,25.9,3.3,3,1,15.31
36,Male,80.8,1.91,184,,59,0.99,780,HIIT,23.6,3.3,4,2,18.61
51,Male,80.8,2,167,129,55,1.52,1454,Cardio,33.9,1.6,3,1,12.58
59,Female,85.7,1.6,182,140,72,2,1243,Yoga,33.4,1.5,4,3,24.01
18,Male,42.3,1.64,198,169,65,1.55,1199,Cardio,26.4,3.2,4,1,15.26
23,Female,41.5,1.89,188,129,59,1.35,532,HIIT,27.6,3.4,3,2,20.79
22,Male,84.3,1.6,173,127,72,0.8,911,HIIT,24,3.3,5,1,13.86
34,Male,82.4,1.66,192,148,72,1.11,1090,Strength,26.3,3.4,2,2,18.08
24,,79.7,1.92,192,,53,1.29,1187,Yoga,25.3,3.5,5,3,45.54
32,Male,40.6,1.92,166,169,57,1.33,1783,Strength,17.1,3.6,5,3,12.32
46,Female,58.6,2,194,135,55,2,1162,HIIT,27.1,3.6,2,1,24.38
20,Male,40,1.81,176,138,66,1.44,1210,Cardio,23,3.6,4,2,12.32
36,Female,80.8,1.71,162,163,74,1.86,900,Yoga,19.4,2,2,2,12.54
54,Male,88.5,2,173,134,58,1.11,1388,HIIT,27.7,3.7,3,2,36.73
52,Male,84.3,1.69,164,169,54,0.77,1367,HIIT,32.6,2.9,3,2,15.11
47,Male,70.1,1.84,188,129,67,1.2,1261,Strength,28.4,2.5,3,2,17.99
35,Male,49.3,1.71,180,152,73,1.04,956,Cardio,32.9,1.7,4,3,12.65
40,Male,79.5,1.92,184,156,52,1.29,1178,Strength,14.7,1.5,4,1,23.51
